title,mpaa_rating,budget,log_budget,opening_weekend,runtime,theaters,year
The Wendell Baker Story,PG-13,8000000,6.9,48120,99,17,2005
Manderlay,NOT RATED,14200000,7.15,15117,139,2,2005
Fantastic Four,PG-13,120000000,8.08,25685737,106,3995,2005
Down in the Valley,R,8000000,6.9,22806,114,3,2005
Fateless,R,12000000,7.08,12680,140,1,2005
The Nativity Story,PG,35000000,7.54,7849304,101,3083,2006
Turistas,R,10000000,7,3582554,93,1570,2006
The Illusionist,PG-13,16500000,7.22,927956,110,51,2006
Trust the Man,R,9000000,6.95,180271,103,38,2006
Crank,R,12000000,7.08,10457367,88,2515,2006
Crossover,PG-13,5600000,6.75,3767567,95,1023,2006
Wah-Wah,R,7000000,6.85,55304,120,26,2006
Keeping Up with the Steins,PG-13,5000000,6.7,653723,90,138,2006
The Break-Up,PG-13,52000000,7.72,39172785,106,3070,2006
When a Stranger Calls,PG-13,15000000,7.18,21607203,87,2999,2006
16 Blocks,PG-13,45000000,7.65,11855260,102,2706,2006
Ultraviolet,PG-13,30000000,7.48,9064880,88,2558,2006
Aquamarine,PG,12000000,7.08,7482669,104,2512,2006
Flushed Away,PG,149000000,8.17,18814323,85,3707,2006
Borat: Cultural Learnings of America for Make Benefit Glorious Nation of Kazakhstan,R,18000000,7.26,26455463,84,837,2006
Talladega Nights: The Ballad of Ricky Bobby,PG-13,73000000,7.86,47042215,108,3803,2006
The Descent,R,7000000,6.85,8911330,99,2095,2006
Mission: Impossible III,PG-13,150000000,8.18,47743273,126,4054,2006
Hoot,PG,15000000,7.18,3368197,91,3018,2006
An American Haunting,PG-13,14000000,7.15,5783508,83,1680,2006
BloodRayne,R,25000000,7.4,1550000,95,985,2006
Grandma's Boy,R,5000000,6.7,3009341,94,2016,2006
The Departed,R,90000000,7.95,26887467,151,3017,2006
The Texas Chainsaw Massacre: The Beginning,R,16000000,7.2,18508228,91,2820,2006
Employee of the Month,PG-13,10000000,7,11407751,103,2579,2006
The Benchwarmers,PG-13,35000000,7.54,19656429,80,3274,2006
Take the Lead,PG-13,30000000,7.48,12051277,118,3009,2006
Lucky Number Slevin,R,27000000,7.43,7031921,110,1984,2006
Pirates of the Caribbean: Dead Man's Chest,PG-13,225000000,8.35,135634554,151,4133,2006
Blood Diamond,R,100000000,8,8648324,143,1910,2006
The Holiday,PG-13,85000000,7.93,12778913,138,2610,2006
Apocalypto,R,40000000,7.6,15005604,139,2465,2006
Unaccompanied Minors,PG,25000000,7.4,5815474,90,2775,2006
The Covenant,PG-13,20000000,7.3,8852458,97,2681,2006
World Trade Center,PG-13,65000000,7.81,18730762,129,2957,2006
The Proposition,R,20000000,7.3,32681,104,3,2006
Cars,G,70000000,7.85,60119509,117,3985,2006
A Prairie Home Companion,PG-13,10000000,7,4566293,105,760,2006
The Pink Panther,PG,80000000,7.9,20220412,93,3477,2006
Firewall,PG-13,50000000,7.7,13635463,105,2840,2006
Curious George,G,50000000,7.7,14703405,86,2566,2006
Final Destination 3,R,25000000,7.4,19173094,93,2880,2006
The Shaggy Dog,PG,60000000,7.78,16310058,98,3501,2006
Failure to Launch,PG-13,50000000,7.7,24411322,97,3057,2006
The Hills Have Eyes,R,17000000,7.23,15708512,107,2620,2006
Babel,R,20000000,7.3,389351,143,7,2006
A Good Year,PG-13,35000000,7.54,3721526,117,2066,2006
Stranger Than Fiction,PG-13,30000000,7.48,13411093,113,2264,2006
Zoom,PG,35000000,7.54,4510408,83,2501,2006
Pulse,PG-13,20500000,7.31,8203822,90,2323,2006
Step Up,PG-13,12000000,7.08,20659573,104,2467,2006
Kabhi Alvida Naa Kehna,R,10750000,7.03,1351786,193,64,2006
Poseidon,PG-13,160000000,8.2,22155410,98,3555,2006
Goal! The Dream Begins,PG-13,33000000,7.52,1921838,118,1007,2006
Just My Luck,PG-13,28000000,7.45,5692285,103,2541,2006
Last Holiday,PG-13,45000000,7.65,12806188,112,2514,2006
Glory Road,PG,30000000,7.48,13594734,118,2222,2006
Alex Rider: Operation Stormbreaker,PG,40000000,7.6,215177,93,221,2006
One Night with the King,PG,20000000,7.3,4106862,123,909,2006
Man of the Year,PG-13,20000000,7.3,12299380,115,2515,2006
The Grudge 2,PG-13,20000000,7.3,20825300,102,3211,2006
The Marine,PG-13,15000000,7.18,7138774,92,2545,2006
Infamous,R,13000000,7.11,452966,110,179,2006
Thank You for Smoking,R,7500000,6.88,262923,92,5,2006
The Wild,G,80000000,7.9,9684809,94,2854,2006
Scary Movie 4,PG-13,40000000,7.6,40222875,83,3602,2006
"You, Me and Dupree",PG-13,54000000,7.73,21525560,110,3131,2006
Eragon,PG,100000000,8,23239907,104,3020,2006
Charlotte's Web,G,82500000,7.92,11457353,97,3566,2006
The Pursuit of Happyness,PG-13,55000000,7.74,26541709,117,2852,2006
Renaissance,R,18000000,7.26,10800,105,2,2006
The Black Dahlia,R,60000000,7.78,10005895,121,2226,2006
Gridiron Gang,PG-13,30000000,7.48,14414630,125,3504,2006
The Fast and the Furious: Tokyo Drift,PG-13,85000000,7.93,23973840,104,3027,2006
The Lake House,PG,40000000,7.6,13616196,99,2645,2006
Nacho Libre,PG,32000000,7.51,28309599,92,3070,2006
Eight Below,PG,40000000,7.6,20188176,120,3066,2006
Date Movie,PG-13,20000000,7.3,19076261,83,2896,2006
V for Vendetta,R,50000000,7.7,25642640,132,3365,2006
She's the Man,PG-13,25000000,7.4,10730372,105,2623,2006
Find Me Guilty,R,13000000,7.11,608804,125,439,2006
The Queen,PG-13,15000000,7.18,122014,103,3,2006
Casino Royale,PG-13,102000000,8.01,40833156,144,3434,2006
Happy Feet,PG,85000000,7.93,41533432,108,3804,2006
Little Miss Sunshine,R,8000000,6.9,370998,101,7,2006
Snakes on a Plane,R,33000000,7.52,15206301,105,3555,2006
The Da Vinci Code,PG-13,125000000,8.1,77073388,149,3735,2006
Over the Hedge,PG,80000000,7.9,38457003,83,4059,2006
See No Evil,R,8000000,6.9,4581233,84,1257,2006
Rocky Balboa,PG,24000000,7.38,12158168,102,3017,2006
Underworld: Evolution,R,45000000,7.65,26857181,106,3207,2006
End of the Spear,PG-13,10000000,7,4281388,108,1162,2006
Jindabyne,R,10800000,7.03,28298,123,6,2006
Flags of Our Fathers,R,53000000,7.72,10245190,135,1876,2006
Marie Antoinette,PG-13,40000000,7.6,5361050,123,859,2006
The Prestige,PG-13,40000000,7.6,14801808,130,2281,2006
Flicka,PG,15000000,7.18,7703551,95,2877,2006
Fur: An Imaginary Portrait of Diane Arbus,R,16800000,7.23,28815,122,4,2006
The Sentinel,PG-13,60000000,7.78,14367854,108,2822,2006
Silent Hill,R,50000000,7.7,20152598,125,2926,2006
American Dreamz,PG-13,17000000,7.23,3667420,107,1500,2006
Friends with Money,R,6500000,6.81,589332,88,28,2006
Monster House,PG,75000000,7.88,22217226,91,3553,2006
Lady in the Water,PG-13,75000000,7.88,18044396,110,3235,2006
My Super Ex-Girlfriend,PG-13,30000000,7.48,8603460,95,2702,2006
Clerks II,R,5000000,6.7,10061132,97,2150,2006
Night at the Museum,PG,110000000,8.04,30433781,108,3685,2006
We Are Marshall,PG,65000000,7.81,6114264,131,2606,2006
Deck the Halls,PG,51000000,7.71,12001256,93,3205,2006
The Fountain,PG-13,35000000,7.54,3768702,96,1472,2006
For Your Consideration,PG-13,12000000,7.08,372012,86,23,2006
Flyboys,PG-13,60000000,7.78,6004219,140,2033,2006
All the King's Men,PG-13,55000000,7.74,3672366,128,1514,2006
Jackass Number Two,R,11000000,7.04,29002002,92,3059,2006
Click,PG-13,82500000,7.92,40011365,107,3749,2006
Peaceful Warrior,PG-13,10000000,7,80602,120,10,2006
Krrish,NOT RATED,10000000,7,643000,154,59,2006
Bobby,R,14000000,7.15,69039,117,2,2006
Doogal,G,20000000,7.3,3605899,78,2318,2006
Running Scared,R,17000000,7.23,3381974,122,1611,2006
Madea's Family Reunion,PG-13,10000000,7,30030661,107,2194,2006
Inside Man,R,50000000,7.7,28954945,129,2818,2006
Stay Alive,PG-13,20000000,7.3,10726406,85,2009,2006
Larry the Cable Guy: Health Inspector,PG-13,17000000,7.23,6922767,89,1710,2006
Edmond,R,10000000,7,19253,82,2,2006
Invincible,PG,40000000,7.6,17031122,105,2917,2006
Beerfest,R,17500000,7.24,7031228,110,2964,2006
Idlewild,R,15000000,7.18,5745780,121,973,2006
Severance,R,10000000,7,8316,96,2,2006
Dreamgirls,PG-13,75000000,7.88,378950,130,3,2006
Rang De Basanti,NOT RATED,5300000,6.72,701666,157,61,2006
The Lost City,R,9600000,6.98,191560,144,18,2006
X-Men: The Last Stand,PG-13,210000000,8.32,102750665,104,3690,2006
Big Momma's House 2,PG-13,40000000,7.6,27736056,99,3261,2006
Nanny McPhee,PG,25000000,7.4,14503650,97,1995,2006
Catch a Fire,PG-13,14000000,7.15,2026997,101,1306,2006
Running with Scissors,R,12000000,7.08,226108,116,8,2006
Saw III,R,10000000,7,33610391,108,3167,2006
Stick It,PG-13,20000000,7.3,10803610,103,2038,2006
United 93,R,18000000,7.26,11478360,111,1795,2006
Akeelah and the Bee,PG,8000000,6.9,6011585,112,2195,2006
Miami Vice,R,135000000,8.13,25723815,134,3021,2006
The Ant Bully,PG,45000000,7.65,8432465,88,3050,2006
A Scanner Darkly,R,20000000,7.3,391672,100,17,2006
Superman Returns,PG-13,232000000,8.37,52535096,154,4065,2006
Open Season,PG,85000000,7.93,23624548,83,3833,2006
School for Scoundrels,PG-13,20000000,7.3,8602333,100,3004,2006
The Devil Wears Prada,PG-13,35000000,7.54,27537244,109,2847,2006
Ice Age: The Meltdown,PG,75000000,7.88,68033544,91,3964,2006
Basic Instinct 2,R,70000000,7.85,3201420,114,1453,2006
ATL,PG-13,17000000,7.23,11554404,105,1602,2006
Slither,R,15250000,7.18,3880270,95,1945,2006
Knocked Up,R,27500000,7.44,30690990,129,2871,2007
Gracie,PG-13,9000000,6.95,1355904,95,1164,2007
The Oh in Ohio,R,5000000,6.7,68184,88,14,2007
Letters from Iwo Jima,R,13000000,7.11,89097,141,5,2007
Because I Said So,PG-13,39000000,7.59,13122865,102,2526,2007
The Messengers,PG-13,16000000,7.2,14713321,90,2528,2007
Zodiac,R,85000000,7.93,13395610,157,2362,2007
Wild Hogs,PG-13,60000000,7.78,39699023,100,3287,2007
Black Snake Moan,R,15000000,7.18,4143199,116,1252,2007
Lars and the Real Girl,PG-13,12500000,7.1,90418,106,7,2007
Bee Movie,PG,150000000,8.18,38021044,91,3928,2007
American Gangster,R,100000000,8,43565135,157,3054,2007
The Bourne Ultimatum,PG-13,130000000,8.11,69283690,115,3660,2007
Hot Rod,PG-13,25000000,7.4,5310711,88,2607,2007
Sicko,PG-13,9000000,6.95,68969,123,1,2007
Transformers,PG-13,151000000,8.18,70502384,144,4011,2007
License to Wed,PG-13,35000000,7.54,10422258,91,2604,2007
Lake of Fire,UNRATED,6000000,6.78,2559,152,1,2007
Spider-Man 3,PG-13,258000000,8.41,151116516,139,4252,2007
Lucky You,PG-13,55000000,7.74,2710445,124,2525,2007
The Reaping,R,40000000,7.6,10025203,99,2603,2007
Children of Men,R,76000000,7.88,501003,109,16,2007
Perfume: The Story of a Murderer,R,63700000,7.8,37079,147,3,2007
Happily N'Ever After,PG,47000000,7.67,6608244,87,2381,2007
Freedom Writers,PG-13,21000000,7.32,9405582,123,1360,2007
Code Name: The Cleaner,PG-13,20000000,7.3,4244142,84,1736,2007
Control,R,6400000,6.81,27674,122,1,2007
The Namesake,PG-13,8500000,6.93,248552,122,6,2007
Grindhouse,R,53000000,7.72,11596613,191,2624,2007
Southland Tales,R,17000000,7.23,123428,145,63,2007
The Golden Compass,PG-13,205000000,8.31,25783232,113,3528,2007
Death at a Funeral,R,20000000,7.3,1282973,87,260,2007
3:10 to Yuma,R,48000000,7.68,14035033,122,2652,2007
The Brothers Solomon,R,10000000,7,508601,93,700,2007
Death at a Funeral,R,21000000,7.32,16217540,87,2459,2007
Daddy Day Camp,PG,6000000,6.78,3402678,93,2332,2007
Surf's Up,PG,100000000,8,17640249,85,3528,2007
Ocean's Thirteen,PG-13,85000000,7.93,36133403,122,3565,2007
Hostel: Part II,R,7500000,6.88,8203391,94,2350,2007
Copying Beethoven,PG-13,11000000,7.04,70460,104,26,2007
Rogue,R,23000000,7.36,7711,99,10,2007
Little Children,R,14000000,7.15,97953,136,5,2007
Hannibal Rising,R,50000000,7.7,13051650,121,3003,2007
Miss Potter,PG,30000000,7.48,9653,88,2,2007
300,R,60000000,7.78,70885301,117,3103,2007
The Ultimate Gift,PG,9000000,6.95,1241079,114,816,2007
Lions for Lambs,R,35000000,7.54,6702434,92,2215,2007
Rush Hour 3,PG-13,180000000,8.26,49100158,91,3778,2007
Stardust,PG-13,70000000,7.85,9169779,127,2540,2007
Becoming Jane,PG,16500000,7.22,972066,120,100,2007
Harry Potter and the Order of the Phoenix,PG-13,150000000,8.18,77108414,138,4285,2007
Georgia Rule,R,20000000,7.3,6773870,113,2523,2007
28 Weeks Later,R,15000000,7.18,9807292,100,2303,2007
The Warlords,R,40000000,7.6,10073,126,3,2007
Stomp the Yard,PG-13,14000000,7.15,21833312,109,2051,2007
Across the Universe,PG-13,45000000,7.65,667784,133,23,2007
Elizabeth: The Golden Age,PG-13,55000000,7.74,6153075,114,2001,2007
We Own the Night,R,28000000,7.45,10826287,117,2362,2007
Michael Clayton,R,21500000,7.33,719910,119,15,2007
Why Did I Get Married?,PG-13,15000000,7.18,21353789,113,2011,2007
Disturbia,PG-13,20000000,7.3,22224982,105,2925,2007
Slow Burn,R,15500000,7.19,778123,93,1163,2007
I Am Legend,PG-13,150000000,8.18,77211321,101,3606,2007
Alvin and the Chipmunks,PG,55000000,7.74,44307417,92,3475,2007
Music and Lyrics,PG-13,40000000,7.6,13623630,96,2955,2007
Dragon Wars: D-War,PG-13,32000000,7.51,5041239,90,2269,2007
Fantastic Four: Rise of the Silver Surfer,PG,120000000,8.08,58051684,92,3959,2007
DOA: Dead or Alive,PG-13,30000000,7.48,260713,87,505,2007
Venus,R,6000000,6.78,35604,95,3,2007
Ghost Rider,PG-13,120000000,8.08,45388836,114,3619,2007
Bridge to Terabithia,PG,25000000,7.4,22564612,96,3139,2007
Premonition,PG-13,20000000,7.3,17558689,96,2831,2007
I Think I Love My Wife,R,14000000,7.15,5674802,90,1776,2007
Fido,R,8000000,6.9,10203,93,2,2007
Beowulf,PG-13,150000000,8.18,27515871,115,3153,2007
Love in the Time of Cholera,R,45000000,7.65,1924860,139,852,2007
Redacted,R,5000000,6.7,25628,90,15,2007
The Invasion,PG-13,80000000,7.9,5951409,99,2776,2007
The Last Legion,PG-13,67000000,7.83,2746312,102,2002,2007
Superbad,R,17500000,7.24,33052411,113,2948,2007
Shrek the Third,PG,160000000,8.2,121629270,93,4122,2007
Trade,R,12000000,7.08,118086,120,90,2007
The Last King of Scotland,R,6000000,6.78,142899,123,4,2007
The Good German,R,32000000,7.51,76817,105,5,2007
The Painted Veil,PG-13,19400000,7.29,51085,125,4,2007
The Assassination of Jesse James by the Coward Robert Ford,R,30000000,7.48,147812,160,5,2007
Into the Wild,R,20000000,7.3,212440,148,4,2007
30 Days of Night,R,30000000,7.48,15951902,113,2855,2007
Rendition,R,27500000,7.44,4060012,122,2250,2007
Gone Baby Gone,R,19000000,7.28,5501406,114,1713,2007
Things We Lost in the Fire,R,16000000,7.2,1561949,118,1142,2007
The Hoax,R,25000000,7.4,1449320,116,235,2007
Hot Fuzz,R,16000000,7.2,5848464,121,825,2007
In the Land of Women,PG-13,10500000,7.02,4712341,97,2155,2007
Hairspray,PG,75000000,7.88,27476745,117,3121,2007
Charlie Wilson's War,R,75000000,7.88,9656250,102,2575,2007
Walk Hard: The Dewey Cox Story,R,35000000,7.54,4174383,96,2650,2007
P.S. I Love You,PG-13,30000000,7.48,6481221,126,2454,2007
St. Trinian's,PG-13,11400000,7.06,15000,97,76,2007
Enchanted,PG,85000000,7.93,34440317,107,3730,2007
No Country for Old Men,R,25000000,7.4,1226333,122,28,2007
August Rush,PG,25000000,7.4,9421369,114,2310,2007
Hitman,R,17500000,7.24,13180769,100,2458,2007
This Christmas,PG-13,13000000,7.11,17958183,117,1858,2007
The Mist,R,13000000,7.11,8931973,126,2423,2007
Eastern Promises,R,50000000,7.7,547092,100,15,2007
Resident Evil: Extinction,R,45000000,7.65,23678580,94,2828,2007
The Hunting Party,R,40000000,7.6,39609,101,4,2007
Good Luck Chuck,R,25000000,7.4,13652001,96,2612,2007
Sydney White,PG-13,16500000,7.22,5196380,108,2104,2007
Evan Almighty,PG,175000000,8.24,31192615,96,3604,2007
1408,PG-13,22500000,7.35,20617667,104,2678,2007
A Mighty Heart,R,15000000,7.18,3948863,108,1355,2007
The Number 23,R,32000000,7.51,14602867,101,2759,2007
The Astronaut Farmer,PG,13000000,7.11,4454319,104,2155,2007
Reno 911!: Miami,R,10000000,7,10273477,84,2702,2007
Shooter,R,60000000,7.78,14523571,124,2806,2007
TMNT,PG,35000000,7.54,24255205,87,3110,2007
Reign Over Me,R,20000000,7.3,7460690,124,1671,2007
The Hills Have Eyes II,R,15000000,7.18,9686362,89,2447,2007
The Wind That Shakes the Barley,NOT RATED,8300000,6.92,76190,127,9,2007
Mr. Bean's Holiday,PG,25000000,7.4,9889780,90,1714,2007
War,R,25000000,7.4,9820089,103,2277,2007
Resurrecting the Champ,PG-13,13000000,7.11,1659756,112,1605,2007
September Dawn,R,10100000,7,901857,111,857,2007
Aliens vs. Predator: Requiem,R,40000000,7.6,10059425,94,2611,2007
The Great Debaters,PG-13,15000000,7.18,6005180,126,1171,2007
Juno,PG-13,7000000,6.85,413869,96,7,2007
Pirates of the Caribbean: At World's End,PG-13,300000000,8.48,114732820,169,4362,2007
Volver,R,9400000,6.97,197703,121,5,2007
Notes on a Scandal,R,27500000,7.44,414487,92,22,2007
Epic Movie,PG-13,20000000,7.3,18612544,86,2801,2007
Smokin' Aces,R,17000000,7.23,14638755,108,2218,2007
Blood and Chocolate,PG-13,15000000,7.18,2074300,98,1200,2007
Saw IV,R,10000000,7,31756764,93,3183,2007
The Simpsons Movie,PG-13,72500000,7.86,74036787,87,3922,2007
Sunshine,R,40000000,7.6,242964,107,10,2007
No Reservations,PG,28000000,7.45,11704357,104,2425,2007
Rescue Dawn,PG-13,10000000,7,110326,120,6,2007
Who's Your Caddy?,PG-13,7000000,6.85,2756661,93,1019,2007
Live Free or Die Hard,PG-13,110000000,8.04,33369559,128,3408,2007
My Blueberry Nights,PG-13,10000000,7,74146,95,6,2007
The Kingdom,R,72500000,7.86,17135055,110,2793,2007
In the Valley of Elah,R,23000000,7.36,133557,121,9,2007
The Game Plan,PG,22000000,7.34,22950971,110,3103,2007
Ratatouille,G,150000000,8.18,47027395,111,3940,2007
Blades of Glory,PG-13,61000000,7.79,33014202,93,3372,2007
Awake,R,8600000,6.93,5856872,84,2002,2007
Come Early Morning,R,6000000,6.78,50160,97,22,2007
Death Sentence,R,20000000,7.3,4231321,105,1822,2007
Moli��re,PG-13,21600000,7.33,32601,120,6,2007
The Wackness,R,6000000,6.78,138401,99,6,2008
The Mummy: Tomb of the Dragon Emperor,PG-13,175000000,8.24,40457770,112,3760,2008
Swing Vote,PG-13,21000000,7.32,6230669,120,2213,2008
The Savages,R,9000000,6.95,151859,113,4,2008
Strange Wilderness,R,20000000,7.3,3001719,87,1208,2008
The Eye,PG-13,12000000,7.08,12425776,98,2436,2008
Over Her Dead Body,PG-13,10000000,7,4025115,95,1977,2008
Kit Kittredge: An American Girl,G,10000000,7,220297,101,5,2008
Hancock,PG-13,150000000,8.18,62603879,92,3965,2008
Iron Man,PG-13,186000000,8.27,102118668,126,4105,2008
Made of Honor,PG-13,40000000,7.6,14756850,101,2729,2008
Appaloosa,R,20000000,7.3,248847,115,14,2008
How to Lose Friends & Alienate People,R,28000000,7.45,1430294,110,1750,2008
Blindness,R,25000000,7.4,1950260,121,1690,2008
Beverly Hills Chihuahua,PG,20000000,7.3,29300465,91,3215,2008
Flash of Genius,PG-13,20000000,7.3,2251075,119,1098,2008
An American Carol,PG-13,20000000,7.3,3656000,83,1639,2008
Nick and Norah's Infinite Playlist,PG-13,10000000,7,11311751,90,2421,2008
Funny Games,R,15000000,7.18,510958,111,274,2008
Leatherheads,PG-13,58000000,7.76,12682595,114,2769,2008
Nim's Island,PG,37000000,7.57,13210579,96,3513,2008
The Ruins,R,25000000,7.4,8003421,90,2812,2008
Ong-bak 2,R,15000000,7.18,26564,98,10,2008
One Missed Call,PG-13,20000000,7.3,12511473,87,2240,2008
Mongol: The Rise of Genghis Khan,R,18000000,7.26,135326,126,5,2008
Punisher: War Zone,R,35000000,7.54,4271451,103,2508,2008
Cadillac Records,R,12000000,7.08,3445559,109,687,2008
The Life Before Her Eyes,R,12000000,7.08,20220,90,8,2008
Transsiberian,R,15000000,7.18,34615,111,2,2008
Bottle Shock,PG-13,5000000,6.7,277839,110,48,2008
Bangkok Dangerous,R,45000000,7.65,7783266,99,2650,2008
"Surfer, Dude",R,6000000,6.78,5971,85,1,2008
The Sisterhood of the Traveling Pants 2,PG-13,27000000,7.43,10678430,119,2707,2008
Kung Fu Panda,PG,130000000,8.11,60239130,92,4114,2008
You Don't Mess with the Zohan,PG-13,90000000,7.95,38531374,113,3462,2008
The Midnight Meat Train,R,15000000,7.18,34394,100,102,2008
"10,000 BC",PG-13,105000000,8.02,35867488,109,3410,2008
The Bank Job,R,20000000,7.3,5935256,111,1603,2008
Rachel Getting Married,R,12000000,7.08,293369,113,9,2008
Madagascar: Escape 2 Africa,PG,150000000,8.18,63106589,89,4056,2008
Soul Men,R,40000000,7.6,5401605,100,2044,2008
Role Models,R,28000000,7.45,19167085,99,2792,2008
Fool's Gold,PG-13,72500000,7.86,21589295,112,3125,2008
"Welcome Home, Roscoe Jenkins",PG-13,27500000,7.44,16207730,114,2387,2008
Speed Racer,PG,120000000,8.08,18561337,135,3606,2008
What Happens in Vegas,PG-13,35000000,7.54,20172474,99,3215,2008
Redbelt,R,7000000,6.85,63361,99,6,2008
Blonde Ambition,PG-13,10000000,7,1322,93,8,2008
The Duchess,PG-13,27000000,7.43,190426,110,7,2008
Body of Lies,R,67500000,7.83,12884416,128,2710,2008
City of Ember,PG,38000000,7.58,3129473,90,2022,2008
The Express,PG,37500000,7.57,4562675,130,2808,2008
Quarantine,R,12000000,7.08,14211321,89,2461,2008
Street Kings,R,20000000,7.3,12469631,109,2467,2008
Prom Night,PG-13,18000000,7.26,20804941,88,2700,2008
Pathology,R,8000000,6.9,54244,95,46,2008
The Bucket List,PG-13,45000000,7.65,335837,97,16,2008
Atonement,R,30000000,7.48,796836,123,32,2008
The Kite Runner,PG-13,20000000,7.3,471713,128,35,2008
In the Name of the King: A Dungeon Siege Tale,PG-13,60000000,7.78,2984524,127,1632,2008
The Pirates Who Don't Do Anything: A VeggieTales Movie,G,15000000,7.18,4251320,85,1337,2008
Harold,PG-13,12000000,7.08,14908404,90,2510,2008
Hellboy II: The Golden Army,PG-13,82500000,7.92,34539115,120,3204,2008
Meet Dave,PG,60000000,7.78,5251918,90,3011,2008
Journey to the Center of the Earth,PG,45000000,7.65,21018141,93,2811,2008
Outlander,R,50000000,7.7,59581,115,81,2008
The Day the Earth Stood Still,PG-13,80000000,7.9,30480153,104,3560,2008
Delgo,PG,40000000,7.6,511920,94,2160,2008
Righteous Kill,R,60000000,7.78,16288361,101,3152,2008
Burn After Reading,R,37000000,7.57,19128001,96,2651,2008
The Women,PG-13,16000000,7.2,10155121,114,2962,2008
Tropic Thunder,R,90000000,7.95,25812796,107,3319,2008
The Children of Huang Shi,R,20000000,7.3,42755,125,7,2008
The Incredible Hulk,PG-13,137500000,8.14,55414050,112,3505,2008
The Happening,R,60000000,7.78,30517109,91,2986,2008
The Spiderwick Chronicles,PG,92500000,7.97,19004058,96,3847,2008
Jumper,PG-13,82500000,7.92,27354808,88,3428,2008
Step Up 2: The Streets,PG-13,17500000,7.24,18908826,98,2470,2008
Horton Hears a Who!,G,85000000,7.93,45012998,86,3954,2008
Doomsday,R,33000000,7.52,4926565,105,1936,2008
Never Back Down,PG-13,21000000,7.32,8603195,110,2729,2008
Quantum of Solace,PG-13,230000000,8.36,67528882,106,3451,2008
Mirrors,R,35000000,7.54,11161074,110,2664,2008
Vicky Cristina Barcelona,PG-13,16000000,7.2,3755575,96,692,2008
Star Wars: The Clone Wars,PG,8500000,6.93,14611273,98,3452,2008
The Chronicles of Narnia: Prince Caspian,PG,225000000,8.35,55034805,150,3929,2008
Max Payne,PG-13,35000000,7.54,17639849,100,3376,2008
W.,PG-13,25100000,7.4,10505668,129,2030,2008
Passchendaele,R,20000000,7.3,653000,114,204,2008
Sex Drive,R,19000000,7.28,3607164,109,2421,2008
The Secret Life of Bees,PG-13,11000000,7.04,10527799,114,1591,2008
The Forbidden Kingdom,PG-13,55000000,7.74,21401121,104,3151,2008
Forgetting Sarah Marshall,R,30000000,7.48,17725330,111,2798,2008
88 Minutes,R,30000000,7.48,6957216,108,2168,2008
The Good Night,R,15000000,7.18,12377,93,2,2008
27 Dresses,PG-13,30000000,7.48,23007725,111,3057,2008
Cloverfield,PG-13,25000000,7.4,40058229,85,3411,2008
Mad Money,PG-13,22000000,7.34,7736452,104,2470,2008
The Dark Knight,PG-13,185000000,8.27,158411483,152,4366,2008
Mamma Mia!,PG-13,52000000,7.72,27751240,108,2976,2008
Space Chimps,G,37000000,7.57,7181374,81,2511,2008
The Tale of Despereaux,G,60000000,7.78,10103675,93,3104,2008
Seven Pounds,PG-13,54000000,7.73,14851136,123,2758,2008
Yes Man,PG-13,50000000,7.7,18262471,104,3434,2008
Igor,PG,22000000,7.34,7803347,87,2339,2008
Lakeview Terrace,PG-13,20000000,7.3,15004672,110,2464,2008
Ghost Town,PG-13,20000000,7.3,5012315,102,1505,2008
My Best Friend's Girl,R,20000000,7.3,8265357,101,2604,2008
The Rocker,PG-13,15000000,7.18,2636048,102,2784,2008
Get Smart,PG-13,80000000,7.9,38683480,110,3911,2008
The Love Guru,PG-13,62000000,7.79,13907130,87,3012,2008
Repo! The Genetic Opera,R,8500000,6.93,53684,98,8,2008
Drillbit Taylor,PG-13,40000000,7.6,10309986,110,3056,2008
Meet the Browns,PG-13,20000000,7.3,20082809,100,2006,2008
"Synecdoche, New York",R,20000000,7.3,172194,124,9,2008
Bolt,PG,150000000,8.18,26223128,96,3651,2008
Twilight,PG-13,37000000,7.57,69637740,122,3419,2008
Death Race,R,65000000,7.81,12621090,105,2532,2008
The House Bunny,PG-13,25000000,7.4,14533702,97,2714,2008
The Longshots,PG,23000000,7.36,4080687,94,2089,2008
Persepolis,PG-13,7300000,6.86,88826,96,7,2008
Vantage Point,PG-13,40000000,7.6,22874936,90,3149,2008
Be Kind Rewind,PG-13,20000000,7.3,4050655,102,808,2008
Charlie Bartlett,R,12000000,7.08,1836256,97,1122,2008
Witless Protection,PG-13,7500000,6.88,2116692,97,1333,2008
Indiana Jones and the Kingdom of the Crystal Skull,PG-13,185000000,8.27,100137835,122,4260,2008
Free Style,PG,10000000,7,97764,94,260,2008
Pride and Glory,R,30000000,7.48,6262396,130,2585,2008
High School Musical 3: Senior Year,G,11000000,7.04,42030184,112,3623,2008
Saw V,R,10800000,7.03,30053954,92,3060,2008
The Ten,R,5250000,6.72,121374,96,25,2008
Baby Mama,PG-13,30000000,7.48,17407110,99,2543,2008
Deception,R,25000000,7.4,2312146,107,2001,2008
Slumdog Millionaire,R,14000000,7.15,360018,120,10,2008
The Curious Case of Benjamin Button,PG-13,160000000,8.2,26853816,166,2988,2008
Valkyrie,PG-13,90000000,7.95,21027007,121,2711,2008
Bedtime Stories,PG,80000000,7.9,27450296,99,3681,2008
The Spirit,PG-13,60000000,7.78,6463278,103,2509,2008
Doubt,PG-13,20000000,7.3,507226,104,15,2008
There Will Be Blood,R,25000000,7.4,190739,158,2,2008
Rambo,R,47500000,7.68,18203876,92,2751,2008
Untraceable,R,35000000,7.54,11354069,101,2368,2008
Meet the Spartans,PG-13,30000000,7.48,18505530,86,2605,2008
How She Move,PG-13,17000000,7.23,3957471,94,1531,2008
Step Brothers,R,65000000,7.81,30940732,98,3094,2008
The X Files: I Want to Believe,PG-13,35000000,7.54,10021753,104,3185,2008
Australia,PG-13,130000000,8.11,14800723,165,2642,2008
Four Christmases,PG-13,80000000,7.9,31069826,88,3310,2008
The Boy in the Striped Pajamas,PG-13,12500000,7.1,253085,94,17,2008
Eagle Eye,PG-13,80000000,7.9,29150721,118,3510,2008
Miracle at St. Anna,R,45000000,7.65,3477996,160,1185,2008
The Lucky Ones,R,14000000,7.15,183088,115,425,2008
Traitor,PG-13,22000000,7.34,7868465,114,2054,2008
Hamlet 2,R,9000000,6.95,439925,92,103,2008
WALL��E,G,180000000,8.26,63087526,98,3992,2008
Wanted,R,75000000,7.88,50927085,110,3175,2008
Winter in Wartime,R,5800000,6.76,14037,103,3,2008
Superhero Movie,PG-13,35000000,7.54,9510297,75,2960,2008
Stop-Loss,R,25000000,7.4,4555117,112,1291,2008
Married Life,PG-13,12000000,7.08,55851,91,9,2008
"Run, Fatboy, Run",PG-13,10000000,7,2340743,100,1133,2008
Babylon A.D.,PG-13,45000000,7.65,9484627,90,3390,2008
Disaster Movie,PG-13,20000000,7.3,5836973,87,2642,2008
College,R,6000000,6.78,2153109,94,2123,2008
Semi-Pro,R,55000000,7.74,15075114,91,3121,2008
The Other Boleyn Girl,PG-13,40000000,7.6,8203061,115,1166,2008
In Bruges,R,15000000,7.18,457227,107,28,2008
Sex and the City,R,57500000,7.76,56848056,145,3285,2008
The Strangers,R,9000000,6.95,20997985,86,2467,2008
CJ7,PG,20000000,7.3,49770,86,19,2008
Changeling,R,55000000,7.74,489015,141,15,2008
What Just Happened,R,27000000,7.43,192508,104,36,2008
Zack and Miri Make a Porno,R,24000000,7.38,10065630,101,2735,2008
RocknRolla,R,18000000,7.26,144701,114,7,2008
The Haunting of Molly Hartley,PG-13,5000000,6.7,5423315,82,2652,2008
Public Enemies,R,102500000,8.01,25271675,140,3334,2009
Ice Age: Dawn of the Dinosaurs,PG,90000000,7.95,41690382,94,4099,2009
X-Men Origins: Wolverine,PG-13,150000000,8.18,85058003,107,4099,2009
Capitalism: A Love Story,R,20000000,7.3,231964,127,4,2009
Zombieland,R,23600000,7.37,24733155,88,3036,2009
The Invention of Lying,PG-13,18500000,7.27,7027472,100,1707,2009
Whip It,PG-13,15000000,7.18,4650812,111,1721,2009
[Rec] 2,R,5600000,6.75,8191,85,5,2009
Adventureland,R,9800000,6.99,5722039,107,1862,2009
Whatever Works,PG-13,15000000,7.18,266162,92,9,2009
Red Cliff,R,40000000,7.6,13104,148,2,2009
The Messenger,R,6500000,6.81,44523,113,4,2009
Brothers,R,26000000,7.41,9527848,105,2088,2009
Everybody's Fine,PG-13,20000000,7.3,3852068,99,2133,2009
Armored,PG-13,20000000,7.3,6511128,88,1915,2009
Brothers,R,13000000,7.11,357404,105,164,2009
Gamer,R,50000000,7.7,9156057,95,2502,2009
All About Steve,PG-13,15000000,7.18,11241214,99,2251,2009
Extract,R,7500000,6.88,4340108,92,1611,2009
Land of the Lost,PG-13,100000000,8,18837350,102,3521,2009
The Hangover,R,35000000,7.54,44979319,100,3269,2009
My Life in Ruins,PG-13,17000000,7.23,3223161,95,1164,2009
The Greatest,R,6000000,6.78,33616,99,8,2009
Coraline,PG,60000000,7.78,16849640,100,2299,2009
He's Just Not That Into You,PG-13,40000000,7.6,27785487,129,3175,2009
Push,PG-13,38000000,7.58,10079109,111,2313,2009
Watchmen,R,138000000,8.14,55214334,162,3611,2009
A Serious Man,R,7000000,6.85,251337,106,6,2009
The Box,PG-13,25000000,7.4,7571417,115,2635,2009
The Men Who Stare at Goats,R,24000000,7.38,12706654,94,2443,2009
The Fourth Kind,PG-13,10000000,7,12231160,98,2527,2009
(500) Days of Summer,PG-13,7500000,6.88,834501,95,27,2009
G.I. Joe: The Rise of Cobra,PG-13,175000000,8.24,54713046,118,4007,2009
A Perfect Getaway,R,14000000,7.15,5948555,98,2159,2009
Grace,R,5000000,6.7,6174,85,2,2009
Star Trek,PG-13,140000000,8.15,79204289,127,3849,2009
Stuck,R,5000000,6.7,8844,85,2,2009
Gran Torino,R,25000000,7.4,271720,116,6,2009
Bride Wars,PG,30000000,7.48,21058173,89,3226,2009
The Unborn,PG-13,16000000,7.2,19810585,88,2357,2009
Not Easily Broken,PG-13,5000000,6.7,5314278,99,724,2009
Bright Star,PG,8500000,6.93,189703,119,19,2009
Couples Retreat,PG-13,60000000,7.78,34286740,113,3000,2009
Agora,R,70000000,7.85,33262,127,2,2009
Hannah Montana: The Movie,G,30000000,7.48,32324487,102,3118,2009
Observe and Report,R,18000000,7.26,11017334,86,2727,2009
Moon,R,5000000,6.7,136046,97,8,2009
Br�_no,R,42000000,7.62,30619130,81,2756,2009
"I Love You, Beth Cooper",PG-13,18000000,7.26,4919433,102,1858,2009
The Princess and the Frog,G,105000000,8.02,786190,97,2,2009
Bad Lieutenant: Port of Call New Orleans,R,25000000,7.4,245398,122,27,2009
Invictus,PG-13,60000000,7.78,8611147,134,2125,2009
The Secret of Kells,NOT RATED,8000000,6.9,39826,75,1,2009
Whiteout,R,35000000,7.54,4915104,101,2745,2009
I Can Do Bad All by Myself,PG-13,19000000,7.28,23446785,113,2255,2009
Sorority Row,R,12500000,7.1,5059802,101,2665,2009
Imagine That,PG,55000000,7.74,5503519,107,3008,2009
The International,R,50000000,7.7,9331739,118,2364,2009
Race to Witch Mountain,PG,50000000,7.7,24402214,98,3187,2009
The Last House on the Left,R,15000000,7.18,14118685,110,2401,2009
Miss March,R,6000000,6.78,2409156,90,1742,2009
2012,PG-13,200000000,8.3,65237614,158,3404,2009
The Time Traveler's Wife,PG-13,39000000,7.59,18623171,107,2988,2009
District 9,R,30000000,7.48,37354308,112,3049,2009
Bandslam,PG,20000000,7.3,2231273,111,2121,2009
"The Goods: Live Hard, Sell Hard",R,10000000,7,5642137,89,1838,2009
Harry Potter and the Half-Blood Prince,PG,250000000,8.4,77835727,153,4325,2009
Angels & Demons,PG-13,150000000,8.18,46204168,138,3527,2009
Defiance,R,50000000,7.7,123513,137,2,2009
Hotel for Dogs,PG,75000000,7.88,17012212,100,3271,2009
Paul Blart: Mall Cop,PG,26000000,7.41,31832636,91,3144,2009
My Bloody Valentine,R,14000000,7.15,21241456,101,2534,2009
Where the Wild Things Are,PG,100000000,8,32695407,101,3735,2009
Law Abiding Citizen,R,53000000,7.72,21039502,109,2890,2009
The Stepfather,PG-13,20000000,7.3,11581586,101,2734,2009
The Janky Promoters,R,10000000,7,5702,85,22,2009
Good,R,16000000,7.2,9508,96,2,2009
Sunshine Cleaning,R,5000000,6.7,219190,91,4,2009
State of Play,PG-13,60000000,7.78,14071280,127,2803,2009
17 Again,PG-13,40000000,7.6,23722310,102,3255,2009
Me and Orson Welles,PG-13,25000000,7.4,63638,114,4,2009
The Road,R,25000000,7.4,1502231,111,111,2009
Avatar,PG-13,425000000,8.63,77025481,162,3452,2009
Did You Hear About the Morgans?,PG-13,58000000,7.76,6616571,103,2718,2009
Cloudy with a Chance of Meatballs,PG,100000000,8,30304648,90,3119,2009
The Informant!,R,22000000,7.34,10464314,108,2505,2009
Love Happens,PG-13,18000000,7.26,8057010,109,1898,2009
Jennifer's Body,R,16000000,7.2,6868397,102,2702,2009
The Brothers Bloom,PG-13,20000000,7.3,90400,114,4,2009
Easy Virtue,PG-13,14000000,7.15,110443,97,10,2009
Year One,PG-13,60000000,7.78,19610304,97,3022,2009
The Proposal,PG-13,40000000,7.6,33627598,108,3056,2009
The Yellow Handkerchief,PG-13,15500000,7.19,37296,102,7,2009
Madea Goes to Jail,PG-13,17500000,7.24,41030947,103,2032,2009
Two Lovers,R,12000000,7.08,94986,110,7,2009
Duplicity,PG-13,60000000,7.78,13965110,125,2574,2009
Knowing,PG-13,50000000,7.7,24604751,121,3332,2009
"I Love You, Man",R,40000000,7.6,17810270,105,2711,2009
Planet 51,PG,60000000,7.78,12286129,91,3035,2009
The Twilight Saga: New Moon,PG-13,50000000,7.7,142839137,130,4024,2009
The Blind Side,PG-13,35000000,7.54,34119372,129,3110,2009
Inglourious Basterds,R,70000000,7.85,38054676,153,3165,2009
Shorts,PG,20000000,7.3,6410339,89,3105,2009
Post Grad,PG-13,15000000,7.18,2651996,88,1959,2009
Terminator Salvation,PG-13,200000000,8.3,42558390,115,3530,2009
Earth,G,15000000,7.18,8825760,90,1804,2009
Night at the Museum: Battle of the Smithsonian,PG,150000000,8.18,54173286,105,4096,2009
Dance Flick,PG-13,25000000,7.4,10643536,83,2450,2009
Alvin and the Chipmunks: The Squeakquel,PG,70000000,7.85,48875415,88,3700,2009
Up in the Air,R,30000000,7.48,1181450,109,15,2009
Revolutionary Road,R,45000000,7.65,189911,119,3,2009
Frost/Nixon,R,29000000,7.46,180708,122,3,2009
Inkheart,PG,60000000,7.78,7601379,106,2655,2009
Astro Boy,PG,65000000,7.81,6702923,94,3014,2009
Cirque du Freak: The Vampire's Assistant,PG-13,40000000,7.6,6293205,109,2754,2009
Amelia,PG,40000000,7.6,3904047,111,820,2009
Saw VI,R,11000000,7.04,14118444,90,3036,2009
The Soloist,PG-13,60000000,7.78,9716458,117,2024,2009
Obsessed,PG-13,20000000,7.3,28612730,108,2541,2009
The Informers,R,18000000,7.26,315000,98,482,2009
Don McKay,R,6000000,6.78,8919,87,7,2009
G-Force,PG,150000000,8.18,31706934,88,3697,2009
The Ugly Truth,R,38000000,7.58,27605576,96,2882,2009
Orphan,R,20000000,7.3,12871483,123,2750,2009
Transformers: Revenge of the Fallen,PG-13,210000000,8.32,108966307,150,4234,2009
Sherlock Holmes,PG-13,90000000,7.95,62304277,128,3626,2009
It's Complicated,R,85000000,7.93,22100820,120,2887,2009
Nine,PG-13,80000000,7.9,257232,118,4,2009
Ninja Assassin,R,50000000,7.7,13316158,99,2503,2009
Old Dogs,PG,35000000,7.54,16894511,88,3425,2009
Surrogates,PG-13,80000000,7.9,14902692,89,2951,2009
Pandorum,R,40000000,7.6,4424126,108,2506,2009
I Hope They Serve Beer in Hell,R,7000000,6.85,366909,105,120,2009
My Sister's Keeper,PG-13,27500000,7.44,12442212,109,2606,2009
Away We Go,R,21000000,7.32,130411,98,4,2009
Street Fighter: The Legend of Chun-Li,PG-13,50000000,7.7,4721110,96,1136,2009
Monsters vs. Aliens,PG,175000000,8.24,59321095,94,4104,2009
12 Rounds,PG-13,20000000,7.3,5329240,108,2331,2009
The Damned United,R,6400000,6.81,32065,98,6,2009
The Final Destination,R,40000000,7.6,27408309,82,3121,2009
Taking Woodstock,R,29000000,7.46,3457760,120,1393,2009
The Open Road,PG-13,10000000,7,13323,90,14,2009
Motherhood,PG-13,10000000,7,50081,90,48,2009
Brooklyn Rules,R,8000000,6.9,41811,99,1,2009
Up,PG,175000000,8.24,68108790,96,3766,2009
Drag Me to Hell,PG-13,30000000,7.48,15825480,99,2508,2009
Milk,R,20000000,7.3,1453844,128,36,2009
The Reader,R,32500000,7.51,168051,124,8,2009
The Wrestler,R,6000000,6.78,202714,109,4,2009
Taken,PG-13,25000000,7.4,24717037,93,3183,2009
New in Town,PG,8000000,6.9,6741530,97,1941,2009
The Hurt Locker,R,15000000,7.18,145352,131,4,2009
Funny People,R,72500000,7.86,22657780,146,3007,2009
Aliens in the Attic,PG,45000000,7.65,8008423,86,3106,2009
The Last Airbender,PG,150000000,8.18,40325019,103,3169,2010
Mao's Last Dancer,PG,18000000,7.26,199657,117,33,2010
The Social Network,PG-13,40000000,7.6,22445653,120,2771,2010
Case 39,R,27000000,7.43,5350570,109,2211,2010
Let Me In,R,20000000,7.3,5147479,116,2021,2010
The American,R,20000000,7.3,13177790,105,2823,2010
Clash of the Titans,PG-13,125000000,8.1,61235105,106,3777,2010
Why Did I Get Married Too?,PG-13,20000000,7.3,29289537,121,2155,2010
Mother and Child,R,7000000,6.85,43040,125,4,2010
The Oxford Murders,R,10000000,7,1191,104,1,2010
The Warrior's Way,R,42000000,7.62,3048665,100,1622,2010
Going the Distance,R,32000000,7.51,6884964,102,3030,2010
Machete,R,12500000,7.1,11416164,105,2670,2010
Killers,PG-13,75000000,7.88,15837266,100,2859,2010
Marmaduke,PG,50000000,7.7,11599661,87,3213,2010
Get Him to the Greek,R,40000000,7.6,17570955,109,2697,2010
Splice,R,30000000,7.48,7385277,104,2450,2010
An Education,PG-13,7500000,6.88,159017,100,4,2010
Crazy Heart,R,8500000,6.93,82664,112,4,2010
A Single Man,R,7000000,6.85,217332,99,9,2010
From Paris with Love,R,52000000,7.72,8158860,92,2722,2010
Dear John,PG-13,25000000,7.4,30468614,108,2969,2010
Alice in Wonderland,PG,200000000,8.3,116101023,108,3728,2010
Brooklyn's Finest,R,17000000,7.23,13350299,132,1936,2010
Ondine,PG-13,12000000,7.08,27497,111,5,2010
Enter the Void,NOT RATED,16000000,7.2,43651,161,3,2010
Conviction,R,12500000,7.1,102351,107,11,2010
Megamind,PG,130000000,8.11,46016833,95,3944,2010
Due Date,R,65000000,7.81,32689406,95,3355,2010
For Colored Girls,R,21000000,7.32,19497324,133,2127,2010
The Other Guys,PG-13,100000000,8,35543162,107,3651,2010
Step Up 3D,PG-13,30000000,7.48,15812311,107,2435,2010
Iron Man 2,PG-13,170000000,8.23,128122480,124,4380,2010
The Young Victoria,PG,35000000,7.54,160069,105,20,2010
The Imaginarium of Doctor Parnassus,PG-13,30000000,7.48,334183,123,48,2010
Daybreakers,R,20000000,7.3,15146692,98,2523,2010
Leap Year,PG,19000000,7.28,9202815,100,2511,2010
Youth in Revolt,R,18000000,7.26,6888334,90,1873,2010
The Killer Inside Me,R,13000000,7.11,11083,109,1,2010
Life as We Know It,PG-13,38000000,7.58,14506464,114,3150,2010
Secretariat,PG,35000000,7.54,12694770,123,3072,2010
My Soul to Take,R,25000000,7.4,6842220,107,2572,2010
It's Kind of a Funny Story,PG-13,8000000,6.9,2013406,101,742,2010
Date Night,PG-13,55000000,7.74,25207599,88,3374,2010
All Good Things,R,20000000,7.3,37172,101,2,2010
Despicable Me,PG,69000000,7.84,56397125,95,3476,2010
Predators,R,40000000,7.6,24760882,107,2669,2010
The Chronicles of Narnia: The Voyage of the Dawn Treader,PG,155000000,8.19,24005069,113,3555,2010
The Tourist,PG-13,100000000,8,16472458,103,2756,2010
Morning Glory,PG-13,40000000,7.6,9203266,107,2518,2010
Flipped,PG,14000000,7.15,224233,90,45,2010
Resident Evil: Afterlife,R,57500000,7.76,26650264,97,3203,2010
Micmacs,R,42000000,7.62,42751,105,4,2010
The A-Team,PG-13,110000000,8.04,25669455,117,3535,2010
The Wolfman,R,150000000,8.18,31479235,103,3222,2010
Percy Jackson & the Olympians: The Lightning Thief,PG,95000000,7.98,31236067,118,3356,2010
Valentine's Day,PG-13,52000000,7.72,56260707,125,3665,2010
My Name Is Khan,PG-13,8470000,6.93,1944027,165,120,2010
Green Zone,R,100000000,8,14309295,115,3003,2010
She's Out of My League,R,20000000,7.3,9775278,104,2956,2010
Remember Me,PG-13,16000000,7.2,8089139,113,2212,2010
Our Family Wedding,PG-13,14000000,7.15,7629862,103,1605,2010
Unstoppable,PG-13,95000000,7.98,22688457,98,3207,2010
Skyline,PG-13,10000000,7,11692415,97,2880,2010
Scott Pilgrim vs. the World,PG-13,85000000,7.93,10609795,112,2818,2010
The Expendables,R,82000000,7.91,34825135,103,3270,2010
Eat Pray Love,PG-13,60000000,7.78,23104523,133,3082,2010
Bran Nue Dae,PG-13,6750000,6.83,23527,85,16,2010
The Sorcerer's Apprentice,PG,160000000,8.2,17619622,109,3504,2010
Harry Brown,R,7300000,6.86,173353,103,19,2010
Robin Hood,PG-13,210000000,8.32,36063385,140,3503,2010
Letters to Juliet,PG,30000000,7.48,13540486,105,2968,2010
Just Wright,PG,12000000,7.08,8284989,100,1831,2010
Princess Kaiulani,PG,9000000,6.95,186995,97,33,2010
The Lovely Bones,PG-13,95000000,7.98,116616,135,3,2010
The Book of Eli,R,80000000,7.9,32789494,118,3111,2010
The Spy Next Door,PG,28000000,7.45,9726056,94,2924,2010
Never Let Me Go,R,15000000,7.18,111734,103,4,2010
RED,PG-13,60000000,7.78,21761408,111,3255,2010
Jackass 3D,R,20000000,7.3,50353641,94,3081,2010
Kick-Ass,R,28000000,7.45,19828687,117,3065,2010
The Perfect Game,PG,12500000,7.1,510000,118,417,2010
Cyrus,R,7000000,6.85,181716,91,4,2010
Inception,PG-13,160000000,8.2,62785337,148,3792,2010
Standing Ovation,PG,5600000,6.75,343125,105,625,2010
TRON: Legacy,PG,200000000,8.3,44026211,125,3451,2010
Yogi Bear,PG,80000000,7.9,16411322,80,3515,2010
Black Swan,R,13000000,7.11,1443809,108,18,2010
The Fighter,R,11000000,7.04,300010,116,4,2010
The Town,R,37000000,7.57,23808032,125,2861,2010
Devil,PG-13,10000000,7,12289375,80,2809,2010
Easy A,PG-13,8000000,6.9,17734040,92,2856,2010
Vampires Suck,PG-13,20000000,7.3,12202831,82,3233,2010
Toy Story 3,G,200000000,8.3,110307189,103,4028,2010
Jonah Hex,PG-13,47000000,7.67,5379365,81,2825,2010
Wild Target,PG-13,8000000,6.9,23174,98,4,2010
Shutter Island,R,80000000,7.9,41062440,138,2991,2010
Blood Done Sign My Name,PG-13,10000000,7,82739,128,95,2010
The Good Guy,R,10000000,7,34712,90,9,2010
The Ghost Writer,PG-13,45000000,7.65,183009,128,4,2010
The Bounty Hunter,PG-13,45000000,7.65,20686423,110,3074,2010
Repo Men,R,32000000,7.51,6126170,111,2521,2010
Diary of a Wimpy Kid,PG,15000000,7.18,22126166,94,3077,2010
The Runaways,R,9500000,6.98,805115,106,244,2010
The Next Three Days,PG-13,30000000,7.48,6542779,133,2564,2010
Piranha 3D,R,24000000,7.38,10106872,88,2470,2010
The Switch,PG-13,19000000,7.28,8436713,101,2012,2010
Lottery Ticket,PG-13,17000000,7.23,10652297,99,1973,2010
Made in Dagenham,R,8000000,6.9,37563,113,3,2010
Shrek Forever After,PG,165000000,8.22,70838207,93,4359,2010
MacGruber,R,10000000,7,4043495,90,2551,2010
Oceans,G,80000000,7.9,6058958,84,1206,2010
Little Fockers,PG-13,100000000,8,30833665,98,3536,2010
True Grit,PG-13,35000000,7.54,24830443,110,3047,2010
Extraordinary Measures,PG,31000000,7.49,6012594,106,2545,2010
Legion,R,26000000,7.41,17501625,100,2476,2010
You Will Meet a Tall Dark Stranger,R,15000000,7.18,160103,98,6,2010
Hereafter,PG-13,50000000,7.7,220322,129,6,2010
Stone,R,22000000,7.34,75766,105,6,2010
The Back-up Plan,PG-13,35000000,7.54,12201710,104,3280,2010
The Losers,PG-13,25000000,7.4,9406348,97,2936,2010
The Joneses,R,10000000,7,507082,96,193,2010
I Am Love,R,10000000,7,121504,120,8,2010
Salt,PG-13,130000000,8.11,36011243,100,3612,2010
Ramona and Beezus,G,15000000,7.18,7810481,103,2719,2010
Knight and Day,PG-13,117000000,8.07,20139985,109,3098,2010
The City of Your Final Destination,PG-13,8300000,6.92,24401,117,1,2010
Tangled,PG,260000000,8.41,48767052,100,3603,2010
Burlesque,PG-13,55000000,7.74,11947744,119,3037,2010
Faster,R,24000000,7.38,8523153,98,2454,2010
World's Greatest Dad,R,10000000,7,4675,99,1,2010
Legend of the Guardians: The Owls of Ga'Hoole,PG,100000000,8,16112211,97,3575,2010
You Again,PG,20000000,7.3,8407513,105,2548,2010
Gulliver's Travels,PG,112000000,8.05,9300099,85,3089,2010
Solitary Man,R,12500000,7.1,94936,90,4,2010
Grown Ups,PG-13,75000000,7.88,40506564,102,3534,2010
The Last Station,R,18000000,7.26,73723,112,3,2010
Cop Out,R,37000000,7.57,18211126,107,3150,2010
The Crazies,R,19000000,7.28,16067552,101,2477,2010
How to Train Your Dragon,PG,165000000,8.22,43732319,98,4055,2010
Hot Tub Time Machine,R,36000000,7.56,14020502,101,2754,2010
Chloe,R,13000000,7.11,900688,96,350,2010
Ca$h,R,7000000,6.85,16469,108,27,2010
Perrier's Bounty,R,6600000,6.82,828,88,1,2010
Get Low,PG-13,7000000,6.85,88182,103,4,2010
Takers,PG-13,32000000,7.51,20512304,107,2206,2010
"Lovely, Still",PG,5000000,6.7,4584,92,2,2010
Gentlemen Broncos,PG-13,9500000,6.98,11502,90,2,2010
Sex and the City 2,R,95000000,7.98,31001870,146,3445,2010
The Last Godfather,PG-13,13400000,7.13,101779,100,58,2010
Edge of Darkness,R,60000000,7.78,17214384,117,3066,2010
Saw 3D: The Final Chapter,R,17000000,7.23,24230123,90,2808,2010
City Island,PG-13,6000000,6.78,32001,104,2,2010
Furry Vengeance,PG,35000000,7.54,6627564,92,2997,2010
Dinner for Schmucks,PG-13,69000000,7.84,23527839,114,2911,2010
Charlie St. Cloud,PG-13,44000000,7.64,12381585,99,2718,2010
Centurion,R,15000000,7.18,42826,97,12,2010
The Twilight Saga: Eclipse,PG-13,68000000,7.83,64832191,124,4468,2010
The Last Song,PG,20000000,7.3,16007426,107,2673,2010
Hop,PG,63000000,7.8,37543710,95,3579,2011
Source Code,PG-13,32000000,7.51,14812094,93,2961,2011
Larry Crowne,PG-13,30000000,7.48,13096065,98,2973,2011
Monte Carlo,PG,20000000,7.3,7453944,109,2473,2011
Machine Gun Preacher,R,30000000,7.48,45130,129,4,2011
Shark Night 3D,PG-13,25000000,7.4,8404260,90,2806,2011
Apollo 18,PG-13,5000000,6.7,8704271,86,3328,2011
X-Men: First Class,PG-13,160000000,8.2,55101604,132,3641,2011
Another Year,PG-13,8000000,6.9,111869,129,6,2011
Sanctum,R,30000000,7.48,9447930,108,2787,2011
The Roommate,PG-13,16000000,7.2,15002635,91,2534,2011
Brighton Rock,R,11000000,7.04,32774,111,12,2011
Rango,PG,135000000,8.13,38079323,107,3917,2011
The Adjustment Bureau,PG-13,50200000,7.7,21157730,106,2840,2011
Take Me Home Tonight,R,19000000,7.28,3464679,97,2003,2011
Beastly,PG-13,17000000,7.23,9851102,86,1952,2011
Tower Heist,PG-13,85000000,7.93,24025190,104,3367,2011
A Very Harold & Kumar 3D Christmas,R,20000000,7.3,12954142,90,2875,2011
Rise of the Planet of the Apes,PG-13,93000000,7.97,54806191,105,3648,2011
The Change-Up,R,52000000,7.72,13531115,112,2913,2011
Restless,PG-13,8000000,6.9,15467,91,5,2011
Love Ranch,R,25000000,7.4,44220,117,11,2011
5 Days of War,R,12000000,7.08,6254,113,2,2011
Thor,PG-13,150000000,8.18,65723338,115,3955,2011
Something Borrowed,PG-13,35000000,7.54,13945368,112,2904,2011
Jumping the Broom,PG-13,7000000,6.85,15215487,112,2035,2011
The Tempest,PG-13,20000000,7.3,42436,110,5,2011
Country Strong,PG-13,15000000,7.18,30452,117,2,2011
I Love You Phillip Morris,R,13000000,7.11,112712,98,7,2011
Casino Jack,R,12500000,7.1,34528,108,7,2011
Season of the Witch,PG-13,40000000,7.6,10612375,95,2816,2011
The Guard,R,6000000,6.78,76834,96,4,2011
Real Steel,PG-13,110000000,8.04,27319677,127,3440,2011
The Ides of March,R,23000000,7.36,10470143,101,2199,2011
Your Highness,R,50000000,7.7,9360020,102,2769,2011
Arthur,PG-13,40000000,7.6,12222756,110,3276,2011
Hanna,PG-13,30000000,7.48,12370549,111,2535,2011
Soul Surfer,PG,18000000,7.26,10601862,106,2214,2011
The Nutcracker in 3D,PG,90000000,7.95,65944,110,45,2011
Zookeeper,PG,80000000,7.9,20065617,102,3482,2011
Horrible Bosses,R,35000000,7.54,28302165,98,3040,2011
The Devil's Double,R,19100000,7.28,96414,109,5,2011
Le Havre,NOT RATED,5500000,6.74,26363,93,6,2011
The Descendants,R,20000000,7.3,1190096,115,29,2011
New Year's Eve,PG-13,26000000,7.41,13019180,113,3505,2011
The Sitter,R,25000000,7.4,9851435,81,2750,2011
The Son of No One,R,15000000,7.18,18015,90,10,2011
Contagion,PG-13,60000000,7.78,22403596,106,3222,2011
Warrior,PG-13,25000000,7.4,5242107,140,1869,2011
Bucky Larson: Born to Be a Star,R,10000000,7,1415023,97,1500,2011
The Help,PG-13,25000000,7.4,26044590,146,2534,2011
Midnight in Paris,PG-13,30000000,7.48,599003,94,6,2011
Super 8,PG-13,50000000,7.7,35451168,112,3379,2011
A Dangerous Method,R,20000000,7.3,167953,99,4,2011
Just Go with It,PG-13,80000000,7.9,30514732,117,3548,2011
The Eagle,PG-13,25000000,7.4,8684464,114,2296,2011
Mars Needs Moms,PG,150000000,8.18,6914488,88,3117,2011
Red Riding Hood,PG-13,42000000,7.62,14005335,100,3030,2011
Jack and Jill,PG,79000000,7.9,25003575,91,3438,2011
Immortals,R,75000000,7.88,32206425,110,3112,2011
J. Edgar,R,35000000,7.54,11217324,137,1910,2011
Final Destination 5,R,40000000,7.6,18031396,92,3155,2011
30 Minutes or Less,R,28000000,7.45,13330118,83,2888,2011
Priest,PG-13,60000000,7.78,14953664,87,2864,2011
Bridesmaids,R,32500000,7.51,26247410,125,2918,2011
Attack the Block,R,13000000,7.11,139506,88,8,2011
The Green Hornet,PG-13,110000000,8.04,33526876,119,3584,2011
The Dilemma,PG-13,70000000,7.85,17816230,111,2940,2011
Everything Must Go,R,5000000,6.7,791676,97,218,2011
The Big Year,PG,41000000,7.61,3251884,100,2150,2011
Rio,G,90000000,7.95,39225962,96,3827,2011
Scream 4,R,40000000,7.6,18692090,111,3305,2011
The Conspirator,PG-13,25000000,7.4,3506602,122,707,2011
Winnie the Pooh,G,30000000,7.48,7857076,63,2405,2011
Salvation Boulevard,R,5500000,6.74,7208,96,4,2011
Sherlock Holmes: A Game of Shadows,PG-13,125000000,8.1,39637079,129,3703,2011
Alvin and the Chipmunks: Chipwrecked,G,80000000,7.9,23244744,87,3723,2011
Young Adult,R,12000000,7.08,310263,94,8,2011
I Don't Know How She Does It,PG-13,24000000,7.38,4402201,89,2476,2011
Drive,R,15000000,7.18,11340461,100,2886,2011
Green Lantern,PG-13,200000000,8.3,53174303,114,3816,2011
The Tree of Life,PG-13,35000000,7.54,372920,139,4,2011
I Am Number Four,PG-13,50000000,7.7,19449893,109,3154,2011
Unknown,PG-13,40000000,7.6,21856389,113,3043,2011
"Big Mommas: Like Father, Like Son",PG-13,32000000,7.51,16300803,107,2821,2011
Cedar Rapids,R,10000000,7,302968,87,15,2011
The Lincoln Lawyer,R,40000000,7.6,13206453,118,2707,2011
Paul,R,40000000,7.6,13043310,104,2802,2011
Limitless,PG-13,27000000,7.43,18907302,105,2756,2011
Welcome to the Rileys,R,10000000,7,42145,110,10,2011
Carnage,R,25000000,7.4,79795,80,5,2011
Fright Night,R,30000000,7.48,8114388,106,3114,2011
Spy Kids: All the Time in the World in 4D,PG,27000000,7.43,11644672,89,3295,2011
One Day,PG-13,15000000,7.18,5079566,107,1721,2011
The Beaver,PG-13,21000000,7.32,107577,91,22,2011
Polisse,NOT RATED,8900000,6.95,16568,127,3,2011
Pirates of the Caribbean: On Stranger Tides,PG-13,250000000,8.4,90151958,136,4155,2011
Mission: Impossible - Ghost Protocol,PG-13,145000000,8.16,12785204,133,425,2011
The Adventures of Tintin,PG,130000000,8.11,9720993,107,3087,2011
The Girl with the Dragon Tattoo,R,90000000,7.95,12768604,158,2914,2011
Somewhere,R,7000000,6.85,119086,97,7,2011
No Strings Attached,R,25000000,7.4,19652921,108,3018,2011
The Three Musketeers,PG-13,90000000,7.95,8674452,110,3017,2011
Johnny English Reborn,PG,45000000,7.65,3833300,101,1552,2011
The Mighty Macs,G,7000000,6.85,963221,99,975,2011
Paranormal Activity 3,R,5000000,6.7,52568183,83,3321,2011
We Need to Talk About Kevin,R,7000000,6.85,24587,112,1,2011
Water for Elephants,PG-13,38000000,7.58,16842353,120,2817,2011
Captain America: The First Avenger,PG-13,140000000,8.15,65058524,124,3715,2011
Friends with Benefits,R,35000000,7.54,18622150,109,2926,2011
My Week with Marilyn,R,10000000,7,1750507,99,244,2011
Hugo,PG,180000000,8.26,11364505,126,1277,2011
Arthur Christmas,PG,85000000,7.93,12068931,97,3376,2011
The Muppets,PG,45000000,7.65,29239026,103,3440,2011
Killer Elite,R,70000000,7.85,9352008,116,2986,2011
Moneyball,PG-13,50000000,7.7,19501302,133,2993,2011
Dolphin Tale,PG,37000000,7.57,19152401,113,3507,2011
Abduction,PG-13,35000000,7.54,10925253,106,3118,2011
Cars 2,G,200000000,8.3,66135507,106,4115,2011
Bad Teacher,R,19000000,7.28,31603106,92,3049,2011
Snow Flower and the Secret Fan,PG-13,6000000,6.78,134005,120,24,2011
War Horse,PG-13,70000000,7.85,7515402,146,2376,2011
The Darkest Hour,PG-13,34800000,7.54,4163241,89,2327,2011
Hall Pass,R,68000000,7.83,13535374,105,2950,2011
Drive Angry,R,50000000,7.7,5187625,104,2290,2011
Hesher,R,7000000,6.85,126046,106,42,2011
Sucker Punch,PG-13,75000000,7.88,19058199,110,3033,2011
Diary of a Wimpy Kid: Rodrick Rules,PG,18000000,7.26,23751502,99,3167,2011
The 5th Quarter,PG,6000000,6.78,202342,90,123,2011
There Be Dragons,PG-13,36000000,7.56,705537,122,259,2011
Colombiana,PG-13,40000000,7.6,10408176,108,2614,2011
Don't Be Afraid of the Dark,R,25000000,7.4,8525728,99,2760,2011
Our Idiot Brother,R,5000000,6.7,7011631,90,2555,2011
Kung Fu Panda 2,PG,150000000,8.18,47656302,91,3925,2011
The Hangover Part II,R,80000000,7.9,85946294,102,3615,2011
Melancholia,R,9400000,6.97,257174,130,19,2011
The Extra Man,R,7000000,6.85,18861,108,2,2011
127 Hours,R,18000000,7.26,264851,94,4,2011
Rabbit Hole,PG-13,5000000,6.7,53778,91,5,2011
The Mechanic,R,42500000,7.63,11422006,93,2703,2011
The Rite,PG-13,37000000,7.57,14789393,114,2985,2011
A Better Life,PG-13,10000000,7,62087,98,4,2011
Puss in Boots,PG,130000000,8.11,34077439,90,3952,2011
In Time,PG-13,35000000,7.54,12050368,109,3122,2011
Anonymous,PG-13,27500000,7.44,1021768,130,265,2011
Fast Five,PG-13,125000000,8.1,86198765,131,3644,2011
Dylan Dog: Dead of Night,PG-13,20000000,7.3,754779,107,875,2011
Prom,PG,8000000,6.9,4712638,104,2730,2011
The Smurfs,PG,110000000,8.04,35611637,103,3395,2011
Transformers: Dark of the Moon,PG-13,195000000,8.29,97852865,154,4088,2011
Dream House,PG-13,50000000,7.7,8129355,92,2661,2011
What's Your Number?,R,20000000,7.3,5421669,106,3002,2011
50/50,R,8000000,6.9,8644095,100,2458,2011
The Debt,R,20000000,7.3,9909499,113,1826,2011
Margaret,R,14000000,7.15,7525,150,2,2012
Snow White and the Huntsman,PG-13,170000000,8.23,56217700,127,3773,2012
For Greater Glory: The True Story of Cristiada,R,12000000,7.08,1885608,145,757,2012
Project X,R,12000000,7.08,21051363,88,3055,2012
Red Lights,R,17700000,7.25,10340,114,2,2012
Wreck-It Ralph,PG,165000000,8.22,49038712,101,3752,2012
Flight,R,31000000,7.49,24900566,138,1884,2012
Vamps,PG-13,16000000,7.2,548,92,1,2012
The Man with the Iron Fists,R,15000000,7.18,7910980,95,1868,2012
Diary of a Wimpy Kid: Dog Days,PG,22000000,7.34,14623599,94,3391,2012
Big Miracle,PG,40000000,7.6,7760205,107,2129,2012
The Woman in Black,PG-13,15000000,7.18,20874072,95,2855,2012
Chronicle,PG-13,12000000,7.08,22004098,84,2907,2012
The Amazing Spider-Man,PG-13,220000000,8.34,62004688,136,4318,2012
The Avengers,PG-13,225000000,8.35,207438708,143,4349,2012
Pitch Perfect,PG-13,17000000,7.23,5149433,112,335,2012
Taken 2,PG-13,45000000,7.65,49514769,92,3661,2012
Frankenweenie,PG,39000000,7.59,11412213,87,3005,2012
American Reunion,R,50000000,7.7,21514080,113,3192,2012
Tinker Tailor Soldier Spy,R,21000000,7.32,310562,127,4,2012
To Rome with Love,R,21500000,7.33,361359,112,5,2012
Savages,R,45000000,7.65,16016910,131,2628,2012
The Cold Light of Day,PG-13,20000000,7.3,1831588,93,1511,2012
The Words,PG-13,6000000,6.78,4750894,102,2801,2012
Anna Karenina,R,49000000,7.69,320690,129,16,2012
Hope Springs,PG-13,30000000,7.48,14650121,100,2361,2012
Madagascar 3: Europe's Most Wanted,PG,145000000,8.16,60316738,93,4258,2012
Prometheus,R,125000000,8.1,51050101,124,3396,2012
John Carter,PG-13,275000000,8.44,30180188,132,3749,2012
A Thousand Words,PG-13,40000000,7.6,6176280,91,1890,2012
Skyfall,PG-13,200000000,8.3,88364714,143,3505,2012
Deadfall,R,6000000,6.78,19391,95,11,2012
The Bourne Legacy,PG-13,125000000,8.1,38142825,135,3745,2012
The Campaign,R,95000000,7.98,26588460,85,3205,2012
Safe House,R,85000000,7.93,40172720,115,3119,2012
Journey 2: The Mysterious Island,PG,79000000,7.9,27335363,94,3470,2012
The Vow,PG-13,30000000,7.48,41202458,104,2958,2012
"Jeff, Who Lives at Home",R,10000000,7,855709,83,254,2012
Casa de mi Padre,R,6000000,6.78,2287239,84,382,2012
Dark Shadows,PG-13,150000000,8.18,29685274,113,3755,2012
The Perks of Being a Wallflower,PG-13,13000000,7.11,228359,102,4,2012
Argo,R,44500000,7.65,19458109,120,3232,2012
Here Comes the Boom,PG,42000000,7.62,11816596,105,3014,2012
Seven Psychopaths,R,13500000,7.13,4174915,110,1480,2012
The Cabin in the Woods,R,30000000,7.48,14743614,95,2811,2012
The Three Stooges,PG,30000000,7.48,17010125,92,3477,2012
Lockout,PG-13,20000000,7.3,6231836,95,2308,2012
The Iron Lady,PG-13,14000000,7.15,220409,105,4,2012
Shame,NC-17,6500000,6.81,349519,101,10,2012
Joyful Noise,PG-13,27500000,7.44,11225190,118,2735,2012
Contraband,R,25000000,7.4,24349815,109,2863,2012
Ice Age: Continental Drift,PG,95000000,7.98,46629259,88,3881,2012
Jab Tak Hai Jaan,NOT RATED,9200000,6.96,1283585,176,160,2012
The Hobbit: An Unexpected Journey,PG-13,250000000,8.4,84617303,169,4045,2012
Resident Evil: Retribution,R,65000000,7.81,21052227,96,3012,2012
Arbitrage,R,12000000,7.08,2002165,107,197,2012
The Odd Life of Timothy Green,PG,40000000,7.6,10822903,105,2598,2012
Rock of Ages,PG-13,70000000,7.85,14437269,123,3470,2012
That's My Boy,R,57500000,7.76,13453714,116,3030,2012
21 Jump Street,R,42000000,7.62,36302612,109,3121,2012
The Dictator,R,65000000,7.81,17435092,83,3008,2012
The Twilight Saga: Breaking Dawn - Part 2,PG-13,136200000,8.13,141067634,115,4070,2012
Lincoln,PG-13,65000000,7.81,944308,150,11,2012
The Expendables 2,R,100000000,8,28591370,103,3316,2012
ParaNorman,PG,60000000,7.78,14087050,92,3429,2012
Sparkle,PG-13,10000000,7,11643342,116,2244,2012
This Means War,PG-13,65000000,7.81,17405930,103,3189,2012
Ghost Rider: Spirit of Vengeance,PG-13,57000000,7.76,22115334,96,3174,2012
Battleship,PG-13,209000000,8.32,25534825,131,3690,2012
What to Expect When You're Expecting,PG-13,37500000,7.57,10547068,110,3021,2012
The Guilt Trip,PG-13,40000000,7.6,5290629,95,2431,2012
Alex Cross,PG-13,35000000,7.54,11396768,101,2539,2012
Paranormal Activity 4,R,5000000,6.7,29003866,88,3412,2012
The Lucky One,PG-13,25000000,7.4,22518358,101,3155,2012
Think Like a Man,PG-13,12000000,7.08,33636303,122,2015,2012
The Artist,PG-13,16000000,7.2,204878,100,4,2012
Underworld: Awakening,R,70000000,7.85,25306725,88,3078,2012
Red Tails,PG-13,58000000,7.76,18782154,125,2512,2012
Haywire,R,23000000,7.36,8425370,93,2439,2012
The Dark Knight Rises,PG-13,275000000,8.44,160887295,164,4404,2012
Amour,PG-13,9700000,6.99,68266,127,3,2012
Jack Reacher,PG-13,60000000,7.78,15210156,130,3352,2012
This Is 40,R,35000000,7.54,11579175,134,2913,2012
Cirque du Soleil: Worlds Away,PG,25000000,7.4,2282368,91,840,2012
Rise of the Guardians,PG,145000000,8.16,23773465,97,3653,2012
Life of Pi,PG,120000000,8.08,22451514,127,2927,2012
Red Dawn,PG-13,65000000,7.81,14276668,93,2725,2012
Trouble with the Curve,PG-13,60000000,7.78,12162040,111,3212,2012
Dredd,R,45000000,7.65,6278491,95,2506,2012
The Master,R,37500000,7.57,736311,144,5,2012
End of Watch,R,15000000,7.18,13152683,109,2730,2012
House at the End of the Street,PG-13,6900000,6.84,12287234,101,3083,2012
Hit and Run,R,22000000,7.34,4526222,100,2870,2012
Bernie,PG-13,6000000,6.78,85805,104,3,2012
Brave,PG,185000000,8.27,66323594,93,4164,2012
Abraham Lincoln: Vampire Hunter,R,67500000,7.83,16306974,105,3108,2012
Seeking a Friend for the End of the World,R,10000000,7,3822803,101,1625,2012
The Hunger Games,PG-13,80000000,7.9,152535747,142,4137,2012
On the Road,R,25000000,7.4,39550,124,4,2012
Premium Rush,PG-13,35000000,7.54,6030164,91,2255,2012
The Apparition,PG-13,17000000,7.23,2841488,82,810,2012
Wanderlust,R,32500000,7.51,6526650,98,2002,2012
Act of Valor,R,12000000,7.08,24476632,110,3039,2012
Darling Companion,PG-13,12000000,7.08,39962,103,4,2012
Silver Linings Playbook,R,21000000,7.32,443003,122,16,2012
Django Unchained,R,100000000,8,30122888,165,3010,2012
Parental Guidance,PG,25000000,7.4,14554053,105,3367,2012
Men in Black 3,PG-13,215000000,8.33,54592779,106,4248,2012
The Best Exotic Marigold Hotel,PG-13,10000000,7,737051,124,27,2012
Cloud Atlas,R,102000000,8.01,9612247,172,2008,2012
Chasing Mavericks,PG,20000000,7.3,2268274,116,2002,2012
Silent Hill: Revelation 3D,R,20000000,7.3,8023036,95,2933,2012
Fun Size,PG-13,14000000,7.15,4101017,86,3014,2012
The Pirates! Band of Misfits,PG,55000000,7.74,11137734,88,3358,2012
Safe,R,33000000,7.52,7892539,94,2266,2012
The Five-Year Engagement,R,30000000,7.48,10610060,124,2936,2012
The Raven,R,26000000,7.41,7289642,110,2203,2012
Man on a Ledge,PG-13,42000000,7.62,8001932,102,2998,2012
One for the Money,PG-13,42000000,7.62,11515790,91,2737,2012
The Grey,R,25000000,7.4,19665101,117,3185,2012
The Watch,R,55000000,7.74,12750297,102,3168,2012
Step Up Revolution,PG-13,33000000,7.52,11731708,99,2567,2012
Hotel Transylvania,PG,85000000,7.93,42522194,91,3349,2012
Looper,R,30000000,7.48,20801552,119,2992,2012
Won't Back Down,PG,19000000,7.28,2603370,121,2515,2012
Trade of Innocents,PG-13,5800000,6.76,588,88,1,2012
Lawless,R,26000000,7.41,10001982,116,2888,2012
The Oogieloves in the Big Balloon Adventure,G,20000000,7.3,443901,88,2160,2012
Moonrise Kingdom,PG-13,16000000,7.2,522996,94,4,2012
Ted,R,50000000,7.7,54415205,106,3239,2012
People Like Us,PG-13,16000000,7.2,4255423,114,2055,2012
Magic Mike,R,7000000,6.85,39127170,110,2930,2012
Killer Joe,R,10000000,7,37864,102,3,2012
Wrath of the Titans,PG-13,150000000,8.18,33457188,99,3545,2012
Mirror Mirror,PG,85000000,7.93,18132085,106,3603,2012
Killing Them Softly,R,15000000,7.18,6812900,97,2424,2012
The Collection,R,10000000,7,3104269,82,1403,2012
The Possession,PG-13,14000000,7.15,17732480,92,2816,2012
Bullet to the Head,R,55000000,7.74,4548201,92,2404,2013
Warm Bodies,PG-13,30000000,7.48,20353967,98,3009,2013
Quartet,PG-13,11000000,7.04,47122,98,2,2013
Jack the Giant Slayer,PG-13,195000000,8.29,27202226,114,3525,2013
Phantom,R,18000000,7.26,508000,98,1118,2013
Stoker,R,12000000,7.08,160547,99,7,2013
Last Vegas,PG-13,28000000,7.45,16334566,105,3065,2013
Ender's Game,PG-13,110000000,8.04,27017351,114,3407,2013
Free Birds,PG,55000000,7.74,15805237,91,3736,2013
2 Guns,R,61000000,7.79,27059130,109,3025,2013
The Iceman,R,10000000,7,87946,106,4,2013
The Lone Ranger,PG-13,275000000,8.44,29210849,149,3904,2013
Despicable Me 2,PG,76000000,7.88,84227980,98,3997,2013
Iron Man 3,PG-13,200000000,8.3,174144585,130,4253,2013
"Cinco de Mayo, La Batalla",R,10000000,7,83586,125,20,2013
The Impossible,PG-13,40000000,7.6,143818,114,15,2013
Promised Land,R,15000000,7.18,173915,106,25,2013
Texas Chainsaw 3D,R,20000000,7.3,21744470,92,2654,2013
Metallica Through the Never,R,18000000,7.26,1576561,93,305,2013
Gravity,PG-13,110000000,8.04,55785112,91,3575,2013
Runner Runner,R,30000000,7.48,7706712,88,3026,2013
Evil Dead,R,17000000,7.23,25775847,91,3025,2013
Out of the Furnace,R,22000000,7.34,5220288,116,2101,2013
Riddick,R,38000000,7.58,19030375,119,3107,2013
Winnie Mandela,R,15000000,7.18,61847,104,32,2013
Percy Jackson: Sea of Monsters,PG,90000000,7.95,14401054,106,3031,2013
We're the Millers,R,37000000,7.57,26419396,110,3260,2013
The Internship,PG-13,58000000,7.76,17325307,119,3366,2013
All Is Lost,PG-13,8500000,6.93,93583,106,6,2013
Identity Thief,R,35000000,7.54,34551025,111,3141,2013
Side Effects,R,30000000,7.48,9303145,106,2605,2013
Oz the Great and Powerful,PG,200000000,8.3,79110453,130,3912,2013
Dead Man Down,R,30000000,7.48,5345250,118,2188,2013
12 Years a Slave,R,20000000,7.3,923715,134,19,2013
Thor: The Dark World,PG-13,150000000,8.18,85737841,112,3841,2013
About Time,R,12000000,7.08,1076250,123,175,2013
Elysium,R,120000000,8.08,29807393,109,3284,2013
Mud,PG-13,10000000,7,2215460,130,363,2013
The Great Gatsby,PG-13,190000000,8.28,50085184,143,3535,2013
Peeples,PG-13,15000000,7.18,4611534,95,2041,2013
Zero Dark Thirty,R,52500000,7.72,417150,157,5,2013
Gangster Squad,R,60000000,7.78,17070347,113,3103,2013
Enough Said,PG-13,8000000,6.9,232800,93,4,2013
Captain Phillips,PG-13,55000000,7.74,25718314,134,3020,2013
Machete Kills,R,20000000,7.3,3837183,107,2538,2013
42,PG-13,40000000,7.6,27487144,128,3003,2013
Pacific Rim,PG-13,190000000,8.28,37285325,131,3275,2013
Grown Ups 2,PG-13,80000000,7.9,41508572,101,3491,2013
This Is the End,R,32000000,7.51,20719162,107,3055,2013
The Hobbit: The Desolation of Smaug,PG-13,250000000,8.4,73645197,161,3903,2013
Tyler Perry's A Madea Christmas,PG-13,25000000,7.4,16007634,100,2194,2013
The Family,R,30000000,7.48,14034764,111,3091,2013
Insidious: Chapter 2,PG-13,5000000,6.7,40272103,106,3049,2013
A Good Day to Die Hard,R,92000000,7.96,24834845,98,3553,2013
Beautiful Creatures,PG-13,50000000,7.7,7582595,124,2950,2013
Safe Haven,PG-13,28000000,7.45,21401594,115,3223,2013
Man of Steel,PG-13,225000000,8.35,116619362,143,4207,2013
Escape from Planet Earth,PG,40000000,7.6,15891055,89,3288,2013
The Incredible Burt Wonderstone,PG-13,32000000,7.51,10177257,100,3160,2013
The Call,R,12800000,7.11,17118745,94,2507,2013
The Best Man Holiday,R,17000000,7.23,30107555,123,2024,2013
The Christmas Candle,PG,7000000,6.85,68655,100,5,2013
Paranoia,PG-13,40000000,7.6,3528376,106,2459,2013
Lee Daniels' The Butler,PG-13,30000000,7.48,24637312,132,2933,2013
Kick-Ass 2,R,28000000,7.45,13332955,103,2940,2013
Jobs,PG-13,18000000,7.26,6713900,128,2381,2013
Star Trek Into Darkness,PG-13,190000000,8.28,70165559,132,3868,2013
Turbo,PG,135000000,8.13,21312625,96,3806,2013
Anchorman 2: The Legend Continues,PG-13,50000000,7.7,26232425,119,3507,2013
Broken City,R,35000000,7.54,8268908,109,2620,2013
The Last Stand,R,30000000,7.48,6281433,107,2913,2013
Mama,PG-13,15000000,7.18,28402310,100,2647,2013
Escape Plan,R,70000000,7.85,9885732,115,2883,2013
The Fifth Estate,R,26000000,7.41,1673351,128,1769,2013
The Place Beyond the Pines,R,15000000,7.18,279457,140,4,2013
Oblivion,PG-13,120000000,8.08,37054485,124,3783,2013
R.I.P.D.,PG-13,130000000,8.11,12691415,96,2852,2013
RED 2,PG-13,84000000,7.92,18048422,116,3016,2013
The Conjuring,R,20000000,7.3,41855326,112,2903,2013
The Last Days on Mars,R,10600000,7.03,4608,98,3,2013
American Hustle,R,40000000,7.6,740455,138,6,2013
Saving Mr. Banks,PG-13,35000000,7.54,413373,125,15,2013
Prisoners,R,46000000,7.66,20817053,153,3260,2013
Battle of the Year,PG-13,20000000,7.3,4603177,110,2008,2013
The Mortal Instruments: City of Bones,PG-13,60000000,7.78,9336957,130,3118,2013
Monsters University,G,200000000,8.3,82429469,104,4004,2013
World War Z,PG-13,190000000,8.28,66411834,116,3607,2013
Snitch,PG-13,15000000,7.18,13167607,112,2511,2013
The Croods,PG,135000000,8.13,43639736,98,4046,2013
Olympus Has Fallen,R,70000000,7.85,30373794,119,3098,2013
Admission,PG-13,13000000,7.11,6154984,107,2160,2013
Spring Breakers,R,5000000,6.7,263002,94,3,2013
The Hunger Games: Catching Fire,PG-13,130000000,8.11,158074286,146,4163,2013
Delivery Man,PG-13,22000000,7.34,7944977,105,3036,2013
Dallas Buyers Club,R,5000000,6.7,260865,117,9,2013
Blue Jasmine,PG-13,18000000,7.26,612064,98,6,2013
The World's End,R,20000000,7.3,8811790,109,1551,2013
Fast & Furious 6,PG-13,85000000,7.93,70950500,130,3461,2013
Epic,PG,100000000,8,33531068,102,3882,2013
Mandela: Long Walk to Freedom,PG-13,35000000,7.54,84283,141,4,2013
47 Ronin,PG-13,175000000,8.24,9910310,128,2689,2013
The Wolf of Wall Street,R,100000000,8,18361578,180,2537,2013
The Secret Life of Walter Mitty,PG,91000000,7.96,12765508,114,2909,2013
Grudge Match,PG-13,40000000,7.6,7021993,113,2838,2013
Hansel & Gretel: Witch Hunters,R,50000000,7.7,19690956,88,3372,2013
Parker,R,35000000,7.54,7008222,118,2224,2013
Movie 43,R,10000000,7,4805878,94,2023,2013
The Counselor,R,25000000,7.4,7842930,117,3044,2013
The Big Wedding,R,32500000,7.51,7591663,89,2633,2013
Pain & Gain,R,26000000,7.41,20244505,129,3277,2013
The Wolverine,PG-13,115000000,8.06,53113752,126,3924,2013
The Way Way Back,PG-13,5000000,6.7,552788,103,19,2013
Trance,R,16000000,7.2,131145,101,4,2013
Frozen,PG,150000000,8.18,243390,102,1,2013
Homefront,R,22000000,7.34,6915241,100,2570,2013
The Book Thief,PG-13,19000000,7.28,105005,131,4,2013
Black Nativity,PG,17500000,7.24,3669530,93,1516,2013
Philomena,PG-13,12000000,7.08,128435,98,4,2013
Cloudy with a Chance of Meatballs 2,PG,78000000,7.89,34017930,95,4001,2013
Rush,R,38000000,7.58,187289,123,5,2013
Baggage Claim,PG-13,8500000,6.93,9031102,96,2027,2013
Don Jon,R,5500000,6.74,8677009,90,2422,2013
White House Down,PG-13,150000000,8.18,24852258,131,3222,2013
The Heat,R,43000000,7.63,39115043,117,3181,2013
Redemption,R,23000000,7.36,19768,100,19,2013
G.I. Joe: Retaliation,PG-13,140000000,8.15,40501814,110,3719,2013
The Host,PG-13,50000000,7.7,10600112,125,3202,2013
Getaway,PG-13,18000000,7.26,4503892,90,2130,2013
Blood Ties,R,26000000,7.41,26912,127,28,2013
The Smurfs 2,PG,110000000,8.04,17548389,105,3866,2013
After Earth,PG-13,130000000,8.11,27520040,100,3401,2013
Now You See Me,PG-13,75000000,7.88,29350389,115,2925,2013
Yeh Jawaani Hai Deewani,NOT RATED,8300000,6.92,1568677,160,161,2013
A Most Wanted Man,R,15000000,7.18,2686526,122,361,2014
Guardians of the Galaxy,PG-13,170000000,8.23,94320883,121,4080,2014
Get on Up,PG-13,30000000,7.48,13585915,139,2468,2014
Deliver Us from Evil,R,30000000,7.48,9740471,118,3049,2014
Tammy,R,20000000,7.3,21577049,97,3465,2014
Earth to Echo,PG,13000000,7.11,8364199,91,3230,2014
The Amazing Spider-Man 2,PG-13,200000000,8.3,91608337,142,4324,2014
Paranormal Activity: The Marked Ones,R,5000000,6.7,18343611,84,2867,2014
Gone Girl,R,61000000,7.79,37513109,149,3014,2014
Left Behind,PG-13,16000000,7.2,6300146,110,1825,2014
Annabelle,R,6500000,6.81,37134255,99,3185,2014
Captain America: The Winter Soldier,PG-13,170000000,8.23,95023721,136,3938,2014
Edge of Tomorrow,PG-13,178000000,8.25,28760246,113,3490,2014
The Fault in Our Stars,PG-13,12000000,7.08,48002523,126,3173,2014
The Monuments Men,PG-13,70000000,7.85,22003433,118,3083,2014
The Lego Movie,PG,60000000,7.78,69050279,100,3775,2014
Mr. Peabody & Sherman,PG,145000000,8.16,32207057,92,3934,2014
300: Rise of an Empire,R,110000000,8.04,45038460,102,3470,2014
Interstellar,PG-13,165000000,8.22,47510360,169,3561,2014
Big Hero 6,PG,165000000,8.22,56215889,102,3761,2014
Teenage Mutant Ninja Turtles,PG-13,125000000,8.1,65575105,101,3845,2014
Into the Storm,PG-13,50000000,7.7,17346427,89,3434,2014
The Hundred-Foot Journey,PG,22000000,7.34,10979290,122,2023,2014
Neighbors,R,18000000,7.26,49033915,97,3279,2014
Kill the Messenger,R,5000000,6.7,941809,112,374,2014
Lone Survivor,R,40000000,7.6,90872,121,2,2014
August: Osage County,R,25000000,7.4,179302,121,5,2014
Her,R,23000000,7.36,260382,126,6,2014
Inside Llewyn Davis,R,11000000,7.04,405411,104,4,2014
The Legend of Hercules,PG-13,70000000,7.85,8868318,99,2104,2014
Dracula Untold,PG-13,70000000,7.85,23514615,92,2887,2014
The Judge,R,50000000,7.7,13116226,141,3003,2014
"Alexander and the Terrible, Horrible, No Good, Very Bad Day",PG,28000000,7.45,18360230,81,3088,2014
Addicted,R,5000000,6.7,7485346,106,846,2014
Rio 2,G,130000000,8.11,39327869,101,3948,2014
Draft Day,R,25000000,7.4,9783603,110,2781,2014
Oculus,R,5000000,6.7,12005402,104,2648,2014
Snowpiercer,R,40000000,7.6,171187,126,8,2014
Begin Again,R,8000000,6.9,134064,104,5,2014
Dawn of the Planet of the Apes,PG-13,170000000,8.23,72611427,130,3967,2014
Exodus: Gods and Kings,PG-13,140000000,8.15,24115934,150,3503,2014
Top Five,R,12000000,7.08,6896593,102,979,2014
RoboCop,PG-13,120000000,8.08,21681430,117,3372,2014
Dolphin Tale 2,PG,36000000,7.56,15873397,107,3656,2014
No Good Deed,PG-13,13200000,7.12,24250283,84,2175,2014
Atlas Shrugged: Who Is John Galt?,PG-13,5000000,6.7,461179,99,242,2014
How to Train Your Dragon 2,PG,145000000,8.16,49451322,102,4253,2014
22 Jump Street,R,50000000,7.7,57071445,112,3306,2014
Winter's Tale,PG-13,60000000,7.78,7297694,118,2965,2014
Endless Love,PG-13,20000000,7.3,13307125,104,2896,2014
About Last Night,R,13000000,7.11,25649011,100,2253,2014
Need for Speed,PG-13,66000000,7.82,17844939,132,3115,2014
Under the Skin,R,13300000,7.12,133154,108,4,2014
Birdman or (The Unexpected Virtue of Ignorance),R,18000000,7.26,424397,119,4,2014
Dumb and Dumber To,PG-13,40000000,7.6,36111775,109,3154,2014
Beyond the Lights,PG-13,7000000,6.85,6200284,116,1789,2014
The Expendables 3,PG-13,100000000,8,15879645,126,3221,2014
The Giver,PG-13,25000000,7.4,12305016,97,3003,2014
Heaven Is for Real,PG,12000000,7.08,22522221,99,2417,2014
Godzilla,PG-13,160000000,8.2,93188384,123,3952,2014
Million Dollar Arm,PG,25000000,7.4,10515659,124,3019,2014
The Hobbit: The Battle of the Five Armies,PG-13,250000000,8.4,54724334,144,3875,2014
Jack Ryan: Shadow Recruit,PG-13,60000000,7.78,15451981,105,3387,2014
The Nut Job,PG,30000000,7.48,19405000,85,3427,2014
Ride Along,PG-13,25000000,7.4,41516170,99,2663,2014
Devil's Due,R,7000000,6.85,8308220,89,2544,2014
Fury,R,80000000,7.9,23702421,134,3173,2014
The Book of Life,PG,50000000,7.7,17005218,95,3071,2014
The Best of Me,PG-13,26000000,7.41,10003827,118,2936,2014
Transcendence,PG-13,100000000,8,10886386,119,3455,2014
Sex Tape,R,40000000,7.6,14608152,94,3062,2014
The Purge: Anarchy,R,9000000,6.95,29816675,103,2806,2014
The Homesman,R,16000000,7.2,45433,122,4,2014
Night at the Museum: Secret of the Tomb,PG,127000000,8.1,17100520,98,3785,2014
Wild,R,15000000,7.18,606810,115,21,2014
United Passions,NOT RATED,30000000,7.48,918,110,10,2014
The Maze Runner,PG-13,34000000,7.53,32512804,113,3604,2014
A Walk Among the Tombstones,R,28000000,7.45,12758780,114,2712,2014
This Is Where I Leave You,R,20000000,7.3,11558149,103,2868,2014
Jersey Boys,R,40000000,7.6,13319371,134,2905,2014
Think Like a Man Too,PG-13,24000000,7.38,29241911,106,2225,2014
Pompeii,PG-13,80000000,7.9,10340823,105,2658,2014
3 Days to Kill,PG-13,28000000,7.45,12242218,117,2872,2014
Divergent,PG-13,85000000,7.93,54607747,139,3936,2014
Muppets Most Wanted,PG,55000000,7.74,17005126,107,3194,2014
The Hunger Games: Mockingjay - Part 1,PG-13,125000000,8.1,121897634,123,4151,2014
Sin City: A Dame to Kill For,R,65000000,7.81,6317683,102,2894,2014
When the Game Stands Tall,PG,15000000,7.18,8381509,115,2673,2014
If I Stay,PG-13,11000000,7.04,15679190,107,2907,2014
The Railway Man,R,18000000,7.26,18078,116,4,2014
X-Men: Days of Future Past,PG-13,200000000,8.3,90823660,132,3996,2014
Blended,PG-13,45000000,7.65,14284031,117,3555,2014
The Immigrant,R,16000000,7.2,44064,120,3,2014
Nebraska,R,12000000,7.08,140401,115,4,2014
"I, Frankenstein",PG-13,65000000,7.81,8610441,92,2753,2014
St. Vincent,PG-13,13000000,7.11,109878,102,4,2014
Ouija,PG-13,5000000,6.7,19875995,89,2858,2014
The Other Woman,PG-13,40000000,7.6,24763752,109,3205,2014
Brick Mansions,PG-13,28000000,7.45,9516855,90,2647,2014
The Imitation Game,PG-13,15000000,7.18,479352,114,4,2014
Unbroken,PG-13,65000000,7.81,30621445,137,3131,2014
Into the Woods,PG,50000000,7.7,31051923,125,2440,2014
Big Eyes,PG-13,10000000,7,3001738,106,1307,2014
Lucy,R,40000000,7.6,43899340,89,3173,2014
And So It Goes,PG-13,18000000,7.26,4642329,94,1762,2014
Wish I Was Here,R,6000000,6.78,484401,106,68,2014
The Water Diviner,R,22500000,7.35,1220335,111,320,2014
Penguins of Madagascar,PG,132000000,8.12,25447444,92,3764,2014
Horrible Bosses 2,R,40000000,7.6,15457418,108,3375,2014
The Theory of Everything,PG-13,15000000,7.18,208763,123,5,2014
The Boxtrolls,PG,60000000,7.78,17275239,96,3464,2014
The Equalizer,R,55000000,7.74,34137828,132,3236,2014
The November Man,R,15000000,7.18,7911597,108,2776,2014
Transformers: Age of Extinction,PG-13,210000000,8.32,100038390,165,4233,2014
Rosewater,R,10000000,7,1154303,103,371,2014
Non-Stop,PG-13,50000000,7.7,28875635,106,3090,2014
Son of God,PG-13,22000000,7.34,25601865,138,3260,2014
Noah,PG-13,130000000,8.11,43720472,138,3567,2014
Sabotage,R,35000000,7.54,5272444,109,2486,2014
The Grand Budapest Hotel,R,31000000,7.49,811166,99,4,2014
Bad Words,R,10000000,7,113301,89,6,2014
"As Above, So Below",R,5000000,6.7,8632820,93,2640,2014
Maleficent,PG,180000000,8.26,69431298,97,3948,2014
A Million Ways to Die in the West,R,40000000,7.6,16797385,116,3158,2014
Labor Day,PG-13,18000000,7.26,5175282,111,2584,2014
That Awkward Moment,R,8000000,6.9,8742109,94,2809,2014
Before I Go to Sleep,R,22000000,7.34,1843347,92,1935,2014
Nightcrawler,R,8500000,6.93,10441000,117,2766,2014
Mr. Turner,R,14000000,7.15,108638,150,5,2014
Magic Mike XXL,R,14500000,7.16,12857184,115,3355,2015
Sicario,R,30000000,7.48,401288,121,6,2015
The Martian,PG-13,108000000,8.03,54308575,144,3831,2015
Furious 7,PG-13,190000000,8.28,147163560,137,4003,2015
Krampus,PG-13,15000000,7.18,16293325,98,2902,2015
The Transporter Refueled,PG-13,22000000,7.34,7355622,96,3434,2015
Insidious: Chapter 3,PG-13,10000000,7,22692741,97,3002,2015
Jupiter Ascending,PG-13,179000000,8.25,18372372,127,3885,2015
Seventh Son,PG-13,95000000,7.98,7217640,102,2875,2015
The SpongeBob Movie: Sponge Out of Water,PG,74000000,7.87,55365012,92,3641,2015
Chappie,R,49000000,7.69,13346782,120,3201,2015
Unfinished Business,R,35000000,7.54,4772613,91,2777,2015
Spectre,PG-13,300000000,8.48,70403148,148,3929,2015
The Peanuts Movie,G,99000000,8,44213073,88,3897,2015
The Gift,R,5000000,6.7,11854273,108,2503,2015
Hot Pursuit,PG-13,35000000,7.54,13942258,87,3003,2015
By the Sea,R,20000000,7.3,96250,122,10,2015
Inherent Vice,R,20000000,7.3,328184,148,5,2015
Selma,PG-13,20000000,7.3,571450,128,19,2015
Taken 3,PG-13,48000000,7.68,39201657,109,3594,2015
The Walk,PG,35000000,7.54,1560299,123,448,2015
Pan,PG,150000000,8.18,15315435,111,3515,2015
Trash,R,12000000,7.08,10230,114,17,2015
Danny Collins,R,10000000,7,72459,106,5,2015
The Longest Ride,PG-13,34000000,7.53,13019686,128,3366,2015
Woman in Gold,PG-13,11000000,7.04,2091551,109,258,2015
Minions,PG,74000000,7.87,115718405,91,4301,2015
Self/less,PG-13,26000000,7.41,5403460,117,2353,2015
Strangerland,R,10000000,7,17472,112,22,2015
In the Heart of the Sea,PG-13,100000000,8,11053366,122,3103,2015
The Visit,PG-13,5000000,6.7,25427560,94,3069,2015
Jurassic World,PG-13,215000000,8.33,208806270,124,4274,2015
Fifty Shades of Grey,R,40000000,7.6,85171450,125,3646,2015
Run All Night,R,50000000,7.7,11012305,114,3171,2015
The 33,PG-13,25000000,7.4,5787266,127,2452,2015
My All American,PG,20000000,7.3,1392000,118,1565,2015
Love the Coopers,PG-13,18000000,7.26,8317545,107,2603,2015
The Man from U.N.C.L.E.,PG-13,75000000,7.88,13421036,116,3638,2015
Straight Outta Compton,R,28000000,7.45,60200180,147,2757,2015
Mad Max: Fury Road,R,150000000,8.18,45428128,120,3702,2015
Pitch Perfect 2,PG-13,29000000,7.46,69216890,115,3473,2015
American Sniper,R,58000000,7.76,633456,133,4,2015
Blackhat,R,70000000,7.85,3901815,133,2567,2015
Paddington,PG,55000000,7.74,18966676,95,3303,2015
Goosebumps,PG,58000000,7.76,23618556,103,3501,2015
Bridge of Spies,PG-13,40000000,7.6,15371203,142,2811,2015
While We're Young,R,10000000,7,227688,97,4,2015
Child 44,R,50000000,7.7,621812,137,510,2015
Paul Blart: Mall Cop 2,PG,38000000,7.58,23762435,94,3633,2015
Ant-Man,PG-13,130000000,8.11,57225526,117,3856,2015
Trainwreck,R,35000000,7.54,30097040,125,3158,2015
Alvin and the Chipmunks: The Road Chip,PG,90000000,7.95,14287159,92,3653,2015
Maze Runner: The Scorch Trials,PG-13,61000000,7.79,30316510,132,3791,2015
Black Mass,R,53000000,7.72,22635037,123,3188,2015
Inside Out,PG,175000000,8.24,90440272,95,3946,2015
Dope,R,7000000,6.85,6100010,103,2002,2015
Still Alice,PG-13,5000000,6.7,212000,101,12,2015
"McFarland, USA",PG,17000000,7.23,11020798,129,2755,2015
Hot Tub Time Machine 2,R,14000000,7.15,5963324,93,2880,2015
The DUFF,PG-13,8500000,6.93,10809149,101,2575,2015
The Gunman,R,40000000,7.6,5028702,115,2816,2015
The Hunger Games: Mockingjay - Part 2,PG-13,160000000,8.2,102665981,137,4175,2015
Secret in Their Eyes,PG-13,20000000,7.3,6652996,111,2392,2015
Sinister 2,R,10000000,7,10542116,97,2766,2015
Rudderless,R,5000000,6.7,37440,105,18,2015
Song One,PG-13,6000000,6.78,20200,86,27,2015
The Vatican Tapes,PG-13,13000000,7.11,832271,91,427,2015
Tomorrowland,PG,170000000,8.23,33028165,130,3972,2015
Skin Trade,R,9000000,6.95,162,96,1,2015
The Big Short,R,28000000,7.45,705527,130,8,2015
R100,UNRATED,5500000,6.74,7263,99,10,2015
Aloft,R,8000000,6.9,2116,112,2,2015
The Last Witch Hunter,PG-13,80000000,7.9,10812861,106,3082,2015
The Age of Adaline,PG-13,30000000,7.48,13203458,112,2991,2015
Little Boy,PG-13,20000000,7.3,2750356,106,1045,2015
Ex Machina,R,13000000,7.11,237264,108,4,2015
Pixels,PG-13,90000000,7.95,24011616,106,3723,2015
Southpaw,R,30000000,7.48,16701294,124,2772,2015
Paper Towns,PG-13,12000000,7.08,12650140,109,3031,2015
Joy,PG-13,60000000,7.78,17015168,124,2896,2015
Concussion,PG-13,35000000,7.54,10513749,123,2841,2015
The Good Dinosaur,PG,187500000,8.27,39155217,93,3749,2015
Victor Frankenstein,PG-13,40000000,7.6,2469341,110,2797,2015
Creed,PG-13,37000000,7.57,29632823,133,3284,2015
Spotlight,R,20000000,7.3,295009,128,5,2015
Brooklyn,PG-13,11000000,7.04,187281,111,5,2015
Hotel Transylvania 2,PG,80000000,7.9,48464322,89,3754,2015
Everest,PG-13,65000000,7.81,7222035,121,545,2015
The Intern,PG-13,40000000,7.6,17728313,121,3305,2015
No Escape,R,5000000,6.7,8111264,103,3355,2015
Ted 2,R,68000000,7.83,33507870,115,3442,2015
Max,PG,20000000,7.3,12155254,111,2855,2015
Escobar: Paradise Lost,R,17000000,7.23,106869,120,105,2015
Focus,R,65000000,7.81,18685137,105,3323,2015
The Lazarus Effect,PG-13,5000000,6.7,10203437,83,2666,2015
Home,PG,130000000,8.11,52107731,94,3708,2015
Get Hard,R,40000000,7.6,33803253,100,3175,2015
Vacation,R,31000000,7.49,14681108,99,3411,2015
San Andreas,PG-13,110000000,8.04,54588173,114,3777,2015
Aloha,PG-13,37000000,7.57,9670235,105,2815,2015
The Hateful Eight,R,62000000,7.79,4610676,187,100,2015
A Most Violent Year,R,20000000,7.3,172788,125,4,2015
Project Almanac,PG-13,12000000,7.08,8310252,106,2893,2015
Our Brand Is Crisis,R,28000000,7.45,3249242,107,2202,2015
Burnt,R,20000000,7.3,5002341,101,3003,2015
Mission: Impossible - Rogue Nation,PG-13,150000000,8.18,55520089,131,3956,2015
The Young and Prodigious T.S. Spivet,PG,33000000,7.52,110295,105,100,2015
The Revenant,R,135000000,8.13,474560,156,4,2016
Anomalisa,R,8000000,6.9,135222,90,4,2016
Room,R,13000000,7.11,118298,118,4,2016
